Date,Open,High,Low,Close,Volume
3-Jan-11,46.52,47.18,46.41,47.08,111280407
4-Jan-11,47.49,47.5,46.88,47.33,77337001
5-Jan-11,47.08,47.76,47.07,47.71,63879193
6-Jan-11,47.82,47.89,47.56,47.68,75106626
7-Jan-11,47.71,48.05,47.41,48.02,77982212
10-Jan-11,48.4,49.03,48.17,48.92,112139482
11-Jan-11,49.27,49.28,48.5,48.81,111019993
12-Jan-11,49.04,49.2,48.86,49.2,75644310
13-Jan-11,49.31,49.52,49.12,49.38,74536182
14-Jan-11,49.41,49.78,49.21,49.78,77209748
18-Jan-11,47.07,49.25,46.57,48.66,470246700
19-Jan-11,49.76,49.8,48.13,48.41,283902199
20-Jan-11,48.06,48.33,47.16,47.53,191197293
21-Jan-11,47.68,47.84,46.66,46.67,188599712
24-Jan-11,46.7,48.21,46.67,48.21,143670548
25-Jan-11,48.05,48.78,47.8,48.77,136716650
26-Jan-11,48.99,49.37,48.79,49.12,126716779
27-Jan-11,49.11,49.24,48.98,49.03,71255961
28-Jan-11,49.17,49.2,47.65,48.01,148014146
31-Jan-11,47.97,48.58,47.76,48.47,94311602
1-Feb-11,48.76,49.38,48.71,49.29,106657943
2-Feb-11,49.21,49.32,49.08,49.19,64738807
3-Feb-11,49.11,49.18,48.36,49.06,98449148
4-Feb-11,49.09,49.53,49.07,49.5,80459575
7-Feb-11,49.7,50.46,49.66,50.27,121254910
8-Feb-11,50.53,50.79,50.31,50.74,95259906
9-Feb-11,50.74,51.29,50.7,51.17,120686090
10-Feb-11,51.06,51.43,49.71,50.65,232137360
11-Feb-11,50.68,51.11,50.51,50.98,91892948
14-Feb-11,50.97,51.35,50.96,51.31,77603491
15-Feb-11,51.31,51.42,51.08,51.41,71043441
16-Feb-11,51.54,52.13,51.5,51.88,120288833
17-Feb-11,51.04,51.47,50.93,51.19,132643504
18-Feb-11,51.24,51.36,49.93,50.08,204011724
22-Feb-11,48.88,49.34,48.25,48.37,218135561
23-Feb-11,48.4,49.23,48.37,48.95,167962942
24-Feb-11,49.15,49.31,48.34,48.98,124974514
25-Feb-11,49.32,49.78,49.26,49.74,95004483
28-Feb-11,50.18,50.72,50.16,50.46,100768479
1-Mar-11,50.78,50.82,49.67,49.9,114032163
2-Mar-11,49.99,50.62,49.77,50.3,150647189
3-Mar-11,51.03,51.4,50.85,51.37,125196764
4-Mar-11,51.44,51.47,51.11,51.43,113316483
7-Mar-11,51.63,51.67,50.19,50.77,136530149
8-Mar-11,50.7,51.06,50.32,50.82,89078955
9-Mar-11,50.67,50.68,50.09,50.35,113349033
10-Mar-11,49.87,49.97,49.27,49.52,126972055
11-Mar-11,49.33,50.33,49.29,50.28,117770016
14-Mar-11,50.45,50.93,50.19,50.51,109113690
15-Mar-11,48.87,49.69,48.59,49.35,180262334
16-Mar-11,48.86,49.0,46.61,47.14,289187626
17-Mar-11,48.12,48.52,47.24,47.81,164854977
18-Mar-11,48.16,48.31,47.14,47.24,188302604
21-Mar-11,48.0,48.53,47.89,48.47,102347560
22-Mar-11,48.94,48.95,48.45,48.74,81558162
23-Mar-11,48.47,48.6,47.99,48.46,93248498
24-Mar-11,48.84,49.43,48.41,49.28,101177720
25-Mar-11,49.72,50.29,49.57,50.22,112292796
28-Mar-11,50.45,50.62,50.06,50.06,77337407
29-Mar-11,49.67,50.14,49.44,50.14,88224955
30-Mar-11,50.09,50.13,49.63,49.8,82351269
31-Mar-11,49.48,49.97,49.44,49.79,68592006
1-Apr-11,50.16,50.23,49.04,49.22,104665400
4-Apr-11,49.19,49.23,48.34,48.74,115020542
5-Apr-11,48.14,48.89,48.0,48.41,120740809
6-Apr-11,48.75,49.13,48.16,48.29,100634681
7-Apr-11,48.3,48.63,48.0,48.3,93361520
8-Apr-11,48.56,48.59,47.71,47.87,94383317
11-Apr-11,47.72,47.95,47.15,47.26,99787618
12-Apr-11,47.21,47.68,47.17,47.49,106627080
13-Apr-11,47.86,48.02,47.5,48.02,86608963
14-Apr-11,47.83,48.0,47.44,47.49,75497401
15-Apr-11,47.61,47.66,46.69,46.78,113458247
18-Apr-11,46.59,47.46,45.74,47.41,152474427
19-Apr-11,47.59,48.28,47.39,48.27,104844243
20-Apr-11,49.07,49.39,48.79,48.92,175163842
21-Apr-11,50.71,50.73,49.79,50.1,188449618
25-Apr-11,50.05,50.54,50.04,50.43,66636290
26-Apr-11,50.52,50.71,49.91,50.06,84400645
27-Apr-11,50.32,50.34,49.59,50.02,89052887
28-Apr-11,49.46,49.96,49.36,49.54,90297123
29-Apr-11,49.54,50.56,49.52,50.02,251585929
2-May-11,49.96,50.07,49.36,49.47,110678246
3-May-11,49.71,49.98,49.37,49.74,78390249
4-May-11,49.75,50.26,49.55,49.94,97312229
5-May-11,49.77,50.14,49.44,49.54,84065352
6-May-11,49.96,50.0,49.46,49.52,70061285
9-May-11,49.69,49.89,49.5,49.66,51188151
10-May-11,49.84,49.96,49.52,49.92,70521969
11-May-11,49.86,50.0,49.32,49.6,84018683
12-May-11,49.45,49.59,48.9,49.51,80239593
13-May-11,49.38,49.46,48.62,48.64,81547956
16-May-11,48.46,48.75,47.51,47.61,112535374
17-May-11,47.43,48.02,47.25,48.02,113196657
18-May-11,48.07,48.72,48.0,48.55,83693267
19-May-11,48.87,48.92,48.38,48.65,65291310
20-May-11,48.51,48.71,47.86,47.89,84547708
23-May-11,47.14,48.0,47.06,47.77,95627217
24-May-11,47.93,47.99,47.33,47.46,80520650
25-May-11,47.63,48.37,47.55,48.11,73555433
26-May-11,48.0,48.13,47.78,47.86,55673751
27-May-11,47.83,48.23,47.76,48.2,50912897
31-May-11,48.73,49.69,48.71,49.69,104434134
1-Jun-11,49.84,50.3,49.24,49.36,138670602
2-Jun-11,49.5,49.71,49.19,49.44,84721112
3-Jun-11,49.03,49.33,48.86,49.06,78360765
6-Jun-11,49.42,49.58,48.26,48.29,115484677
7-Jun-11,48.31,48.32,47.41,47.43,132493060
8-Jun-11,47.4,47.83,47.24,47.46,83471577
9-Jun-11,47.61,47.67,47.25,47.36,68841199
10-Jun-11,47.22,47.38,46.5,46.56,108529400
13-Jun-11,46.74,46.9,46.44,46.66,82414108
14-Jun-11,47.14,47.61,47.04,47.49,83641901
15-Jun-11,47.11,47.19,46.41,46.68,99851885
16-Jun-11,46.7,46.95,45.48,46.45,127647338
17-Jun-11,47.0,47.04,45.62,45.75,153872649
20-Jun-11,45.34,45.39,44.36,45.05,160161274
21-Jun-11,45.24,46.54,45.03,46.47,123343514
22-Jun-11,46.45,46.99,46.05,46.09,97645436
23-Jun-11,45.56,47.38,45.45,47.32,139939254
24-Jun-11,47.34,47.59,46.44,46.62,109981312
27-Jun-11,46.8,47.7,46.75,47.43,84989933
28-Jun-11,47.66,48.1,47.63,47.89,73574907
29-Jun-11,48.01,48.05,47.41,47.72,88179070
30-Jun-11,47.81,48.02,47.55,47.95,80807391
1-Jul-11,47.99,49.07,47.74,49.04,108828209
5-Jul-11,49.0,49.98,48.93,49.92,88818618
6-Jul-11,49.85,50.59,49.53,50.25,111156241
7-Jul-11,50.67,51.14,50.57,51.03,99915319
8-Jul-11,50.48,51.43,50.31,51.39,122481639
11-Jul-11,50.91,51.4,50.4,50.57,110713974
12-Jul-11,50.5,51.1,49.8,50.54,112901691
13-Jul-11,51.19,51.43,50.91,51.15,97909518
14-Jul-11,51.57,51.66,50.91,51.11,107633155
15-Jul-11,51.6,52.14,51.31,52.13,121116338
18-Jul-11,52.2,53.52,52.18,53.4,143157623
19-Jul-11,54.0,54.09,53.33,53.84,204786344
20-Jul-11,56.59,56.61,55.14,55.27,235331712
21-Jul-11,55.28,55.72,54.84,55.33,131629036
22-Jul-11,55.47,56.44,55.39,56.19,129181885
25-Jul-11,55.76,57.14,55.66,56.93,147451094
26-Jul-11,57.14,57.79,57.1,57.63,119145026
27-Jul-11,57.23,57.52,56.02,56.08,164830470
28-Jul-11,55.95,56.71,55.45,55.97,148506092
29-Jul-11,55.38,56.45,54.86,55.78,158145890
1-Aug-11,56.83,57.07,56.05,56.68,153207957
2-Aug-11,56.81,56.13,54.61,55.46,250968788
3-Aug-11,55.46,56.22,54.61,56.08,183125796
4-Aug-11,55.63,55.9,53.91,53.91,217851424
5-Aug-11,54.35,54.79,51.8,53.37,301140350
8-Aug-11,51.67,52.54,50.43,50.46,285951204
9-Aug-11,51.61,53.52,50.71,53.43,270645704
10-Aug-11,53.02,53.52,51.79,51.96,219662296
11-Aug-11,52.93,53.64,52.1,53.39,185491110
12-Aug-11,54.0,54.23,53.46,53.86,132243405
15-Aug-11,54.23,55.0,54.01,54.77,115135468
16-Aug-11,54.5,54.77,53.72,54.35,124722122
17-Aug-11,54.62,54.93,54.0,54.35,110514943
18-Aug-11,52.98,53.24,51.62,52.29,212858289
19-Aug-11,51.74,52.43,50.86,50.86,193970546
22-Aug-11,52.07,52.13,50.73,50.92,133826210
23-Aug-11,51.47,53.38,51.0,53.37,164208576
24-Aug-11,53.35,54.14,52.94,53.74,156566907
25-Aug-11,52.15,53.64,52.14,53.39,217825076
26-Aug-11,53.02,54.83,52.97,54.8,160368761
29-Aug-11,55.45,55.93,55.43,55.71,101313149
30-Aug-11,55.46,55.98,55.17,55.71,104480264
31-Aug-11,55.8,56.01,54.55,54.98,130688894
1-Sep-11,55.12,55.33,54.39,54.43,85930705
2-Sep-11,53.53,54.0,53.12,53.44,109791514
6-Sep-11,52.48,54.33,52.35,54.25,127424129
7-Sep-11,55.08,55.09,54.57,54.85,87643794
8-Sep-11,54.63,55.52,54.62,54.88,104039460
9-Sep-11,54.85,55.14,53.57,53.93,141269408
12-Sep-11,53.29,54.41,53.13,54.28,116957988
13-Sep-11,54.59,55.17,54.32,54.95,110184487
14-Sep-11,55.29,56.03,55.11,55.61,133680848
15-Sep-11,55.92,56.24,55.7,56.14,104454581
16-Sep-11,56.51,57.22,56.43,57.21,174622161
19-Sep-11,56.71,59.03,56.46,58.8,205964780
20-Sep-11,59.32,60.41,58.74,59.06,193937289
21-Sep-11,59.95,60.23,58.86,58.88,151493755
22-Sep-11,57.29,58.55,56.67,57.4,242120137
23-Sep-11,57.18,58.11,57.12,57.76,136620610
26-Sep-11,57.12,57.71,55.9,57.6,203218862
27-Sep-11,58.39,58.46,56.87,57.04,158124372
28-Sep-11,57.17,57.68,56.64,56.72,107463181
29-Sep-11,57.42,57.46,55.17,55.8,162841147
30-Sep-11,55.3,55.56,54.45,54.47,137059223
3-Oct-11,54.34,54.66,53.31,53.51,167269011
4-Oct-11,53.51,54.54,50.61,53.21,308418887
5-Oct-11,52.55,54.26,51.47,54.04,196617358
6-Oct-11,53.33,54.97,53.11,53.91,203145054
7-Oct-11,53.68,53.96,52.64,52.83,133904162
10-Oct-11,54.16,55.54,54.03,55.54,110628287
11-Oct-11,56.08,57.6,55.93,57.18,151420465
12-Oct-11,58.19,58.46,57.16,57.46,155570982
13-Oct-11,57.85,58.35,57.55,58.35,106545775
14-Oct-11,59.55,60.29,59.32,60.29,143341730
17-Oct-11,60.25,60.96,59.42,60.0,171510696
18-Oct-11,60.25,60.69,59.43,60.32,220400096
19-Oct-11,57.34,58.35,56.83,56.95,275998093
20-Oct-11,57.14,57.19,56.32,56.47,137382294
21-Oct-11,56.87,57.02,55.82,56.12,155310512
24-Oct-11,56.6,58.07,56.49,57.97,125589044
25-Oct-11,57.86,58.08,56.77,56.82,107650200
26-Oct-11,57.39,57.51,56.16,57.23,114074982
27-Oct-11,58.22,58.43,57.41,57.81,123713317
28-Oct-11,57.57,58.05,57.5,57.85,80709748
31-Oct-11,57.49,58.48,57.29,57.83,96406303
1-Nov-11,56.77,57.07,56.17,56.64,132946877
2-Nov-11,57.16,57.21,56.44,56.77,82063667
3-Nov-11,57.01,57.63,56.48,57.58,110381075
4-Nov-11,57.43,57.63,57.02,57.18,75556992
7-Nov-11,57.13,57.14,56.59,57.1,67565799
8-Nov-11,57.46,58.29,57.37,58.03,100109842
9-Nov-11,56.71,57.27,56.32,56.47,139670930
10-Nov-11,56.72,56.74,54.59,55.03,186245269
11-Nov-11,55.23,55.53,54.32,54.95,163446017
14-Nov-11,54.79,55.04,54.03,54.18,108265507
15-Nov-11,54.4,55.64,54.21,55.55,107744812
16-Nov-11,55.61,55.88,54.9,54.97,87302012
17-Nov-11,54.85,54.94,53.64,53.92,120030148
18-Nov-11,54.13,54.28,53.55,53.56,93018765
21-Nov-11,52.91,53.1,52.27,52.72,112050589
22-Nov-11,53.0,53.99,52.99,53.79,102324341
23-Nov-11,53.5,53.69,52.41,52.43,107160445
25-Nov-11,52.63,53.02,51.9,51.94,63689801
28-Nov-11,53.19,53.82,52.9,53.73,86660854
29-Nov-11,53.69,54.12,52.89,53.31,94007858
30-Nov-11,54.47,54.61,54.04,54.6,101516702
1-Dec-11,54.65,55.57,54.39,55.42,96794838
2-Dec-11,55.69,56.23,55.51,55.67,94818290
5-Dec-11,56.21,56.63,55.77,56.14,89342127
6-Dec-11,56.07,56.38,55.63,55.85,70951013
7-Dec-11,55.7,55.85,55.25,55.58,76249929
8-Dec-11,55.92,56.5,55.75,55.81,94089051
9-Dec-11,56.12,56.29,55.86,56.23,74285785
12-Dec-11,55.95,56.27,55.64,55.98,75266366
13-Dec-11,56.14,56.49,55.3,55.54,84784203
14-Dec-11,55.24,55.34,53.95,54.31,101788680
15-Dec-11,54.76,54.82,54.04,54.13,64112125
16-Dec-11,54.34,54.88,54.22,54.43,105394401
19-Dec-11,54.64,54.98,54.35,54.6,58881914
20-Dec-11,55.39,56.59,55.32,56.56,84350728
21-Dec-11,56.67,56.76,56.0,56.64,65736678
22-Dec-11,56.71,57.02,56.59,56.94,50589112
23-Dec-11,57.1,57.66,57.07,57.62,67401964
27-Dec-11,57.59,58.44,57.57,58.08,66308613
28-Dec-11,58.13,58.32,57.33,57.52,57214227
29-Dec-11,57.63,57.95,57.22,57.87,54039041
30-Dec-11,57.64,58.04,57.64,57.86,44943710
3-Jan-12,58.49,58.93,58.43,58.75,75564699
4-Jan-12,58.57,59.24,58.47,59.06,65061108
5-Jan-12,59.28,59.79,58.95,59.72,67816805
6-Jan-12,59.97,60.39,59.89,60.34,79596412
9-Jan-12,60.79,61.11,60.19,60.25,98505792
10-Jan-12,60.84,60.86,60.21,60.46,64581762
11-Jan-12,60.38,60.41,59.9,60.36,53798059
12-Jan-12,60.33,60.41,59.82,60.2,53180911
13-Jan-12,59.96,60.06,59.81,59.97,56539749
17-Jan-12,60.6,60.86,60.42,60.67,60724055
18-Jan-12,60.99,61.35,60.9,61.3,69197758
19-Jan-12,61.45,61.62,60.93,61.11,65434453
20-Jan-12,61.07,61.07,59.96,60.04,103492249
23-Jan-12,60.38,61.21,60.33,61.06,76515446
24-Jan-12,60.73,60.73,59.94,60.06,136909311
25-Jan-12,64.92,64.92,63.39,63.81,239565837
26-Jan-12,64.05,64.11,63.31,63.52,81057711
27-Jan-12,63.48,64.07,63.4,63.9,74971631
30-Jan-12,63.67,64.84,63.63,64.72,94832073
31-Jan-12,65.08,65.46,64.72,65.21,97977985
1-Feb-12,65.49,65.57,65.08,65.17,67510562
2-Feb-12,65.13,65.31,64.85,65.02,46698547
3-Feb-12,65.33,65.71,65.08,65.67,71717009
6-Feb-12,65.48,66.43,65.46,66.28,62420596
7-Feb-12,66.46,67.11,66.37,66.98,79055263
8-Feb-12,67.21,68.11,67.1,68.1,101969280
9-Feb-12,68.68,70.96,68.65,70.45,221053602
10-Feb-12,70.14,71.09,69.79,70.49,157824975
13-Feb-12,71.36,71.98,71.01,71.8,129301606
14-Feb-12,72.09,72.79,71.71,72.78,115483011
15-Feb-12,73.47,75.18,70.98,71.1,376528040
16-Feb-12,70.21,72.13,69.52,71.74,236137405
17-Feb-12,71.87,72.54,71.47,71.73,133947191
21-Feb-12,72.41,73.55,72.02,73.55,151396399
22-Feb-12,73.3,73.64,72.72,73.29,120823808
23-Feb-12,73.58,73.98,72.79,73.77,142006312
24-Feb-12,74.24,74.7,74.09,74.63,103819905
27-Feb-12,74.47,75.5,73.75,75.11,136895304
28-Feb-12,75.42,76.49,75.12,76.49,150096478
29-Feb-12,77.37,78.23,76.53,77.49,238000378
1-Mar-12,78.31,78.32,76.97,77.78,170813188
2-Mar-12,77.75,78.11,77.5,77.88,107927589
5-Mar-12,77.92,78.21,75.14,76.17,202280183
6-Mar-12,74.81,76.24,73.75,75.75,202559651
7-Mar-12,76.69,76.83,74.76,75.81,199629549
8-Mar-12,76.38,77.57,76.02,77.43,129110723
9-Mar-12,77.74,78.25,77.59,77.88,104724732
12-Mar-12,78.43,78.86,78.14,78.86,101820019
13-Mar-12,79.65,81.17,79.39,81.16,172712659
14-Mar-12,82.58,84.96,82.2,84.23,354709747
15-Mar-12,85.66,85.72,82.65,83.65,289917768
16-Mar-12,83.53,84.17,82.57,83.65,206371879
19-Mar-12,85.48,85.97,84.15,85.87,225308790
20-Mar-12,85.64,86.7,83.14,86.57,204167033
21-Mar-12,86.11,87.09,85.92,86.07,161010374
22-Mar-12,85.4,86.36,85.08,85.62,156032898
23-Mar-12,85.78,85.97,84.91,85.15,107621815
26-Mar-12,85.68,86.74,85.04,86.71,148934219
27-Mar-12,86.6,88.04,86.58,87.78,151782141
28-Mar-12,88.34,88.78,87.19,88.23,163864869
29-Mar-12,87.54,88.08,86.75,87.12,152059432
30-Mar-12,86.97,87.22,85.42,85.65,182759395
2-Apr-12,85.98,88.4,85.77,88.38,149586458
3-Apr-12,89.61,90.32,88.93,89.9,208638360
4-Apr-12,89.19,89.41,88.14,89.19,143245095
5-Apr-12,89.57,90.67,89.06,90.53,160318858
9-Apr-12,89.45,91.41,89.33,90.89,149384046
10-Apr-12,91.42,92.0,89.43,89.78,222422452
11-Apr-12,90.89,90.98,89.05,89.46,174152769
12-Apr-12,89.29,90.19,88.64,88.97,153582163
13-Apr-12,89.16,89.24,86.22,86.46,214911067
16-Apr-12,87.15,87.18,82.61,82.88,262696056
17-Apr-12,82.71,87.14,81.7,87.1,256371472
18-Apr-12,87.67,88.61,86.1,86.91,238632471
19-Apr-12,85.75,86.39,83.5,83.92,208678365
20-Apr-12,84.48,84.95,81.49,81.85,257743808
23-Apr-12,81.52,82.38,79.52,81.67,241629479
24-Apr-12,80.37,81.1,79.29,80.04,269099838
25-Apr-12,87.95,88.29,86.57,87.14,226427670
26-Apr-12,87.75,87.81,86.02,86.81,134016274
27-Apr-12,86.44,86.6,85.79,86.14,101692500
30-Apr-12,85.4,85.49,83.29,83.43,126535038
1-May-12,83.56,85.25,83.03,83.16,152749513
2-May-12,82.89,83.91,82.69,83.71,106906016
3-May-12,84.36,84.49,82.9,83.12,97637057
4-May-12,82.44,82.62,80.74,80.75,132497421
7-May-12,80.21,81.82,80.18,81.35,115073217
8-May-12,81.37,81.64,79.82,81.17,124312720
9-May-12,80.53,82.0,80.12,81.31,120175923
10-May-12,82.08,82.27,81.21,81.5,83317752
11-May-12,80.71,82.07,80.62,80.96,99886332
14-May-12,80.37,81.07,79.66,79.75,88156103
15-May-12,80.21,80.46,78.82,79.02,119076678
16-May-12,79.15,79.56,77.29,78.01,140223874
17-May-12,77.9,78.21,75.73,75.73,179304713
18-May-12,76.28,77.63,74.6,75.77,183072463
21-May-12,76.36,80.22,76.29,80.18,157772790
22-May-12,81.36,81.98,78.94,79.57,173696754
23-May-12,79.64,81.83,79.03,81.51,146224365
24-May-12,82.27,82.36,80.18,80.76,124049506
25-May-12,80.66,80.84,79.78,80.33,82116552
29-May-12,81.56,82.0,80.76,81.75,95126346
30-May-12,81.31,82.86,80.94,82.74,132355209
31-May-12,82.96,83.07,81.64,82.53,122977603
1-Jun-12,81.31,81.81,80.07,80.14,130245094
4-Jun-12,80.21,81.07,78.36,80.61,139247129
5-Jun-12,80.18,80.92,79.76,80.4,97053376
6-Jun-12,81.11,81.98,80.79,81.64,100362262
7-Jun-12,82.47,82.47,81.5,81.67,94993164
8-Jun-12,81.66,82.94,81.29,82.9,86872870
11-Jun-12,83.96,84.07,81.52,81.6,147815696
12-Jun-12,82.07,82.37,80.96,82.31,108894961
13-Jun-12,82.07,82.64,81.48,81.74,73443230
14-Jun-12,81.61,81.93,81.04,81.65,86460283
15-Jun-12,81.57,82.09,81.36,82.02,83813380
18-Jun-12,81.57,83.98,81.48,83.68,110102790
19-Jun-12,83.34,84.29,83.3,83.92,90350932
20-Jun-12,84.03,84.18,82.97,83.68,89789644
21-Jun-12,83.63,84.03,82.49,82.52,81626258
22-Jun-12,82.72,83.17,82.2,83.16,71186311
25-Jun-12,82.47,82.83,81.48,81.54,76088656
26-Jun-12,81.62,82.07,81.05,81.72,69187503
27-Jun-12,82.14,82.39,81.7,82.07,50764770
28-Jun-12,81.67,82.0,80.8,81.29,70760543
29-Jun-12,82.57,83.43,82.04,83.43,105360031
2-Jul-12,83.53,84.78,83.37,84.65,100022776
3-Jul-12,84.98,85.71,84.86,85.63,60428165
5-Jul-12,85.79,87.76,85.66,87.13,121095121
6-Jul-12,86.73,86.92,85.94,86.55,104757156
9-Jul-12,86.47,87.7,86.3,87.7,94850224
10-Jul-12,88.28,88.55,86.47,86.89,127989407
11-Jul-12,86.59,86.81,85.32,86.35,117329366
12-Jul-12,85.75,86.21,84.67,85.56,106997163
13-Jul-12,86.14,86.74,85.71,86.42,77904449
16-Jul-12,86.45,87.37,86.43,86.7,75326342
17-Jul-12,87.26,87.36,86.16,86.71,73453037
18-Jul-12,86.66,86.91,86.22,86.61,63174888
19-Jul-12,87.33,87.91,86.57,87.76,109214567
20-Jul-12,87.58,87.78,86.24,86.33,99367450
23-Jul-12,84.91,86.56,83.96,86.26,121993795
24-Jul-12,86.77,87.1,85.5,85.85,141283044
25-Jul-12,82.07,82.97,81.43,82.14,219314368
26-Jul-12,82.82,82.91,81.48,82.13,101702580
27-Jul-12,82.14,83.69,81.66,83.59,101013241
30-Jul-12,84.42,85.63,83.97,85.0,94784970
31-Jul-12,86.18,87.39,86.1,87.25,115581676
1-Aug-12,87.99,88.06,86.14,86.69,96124742
2-Aug-12,86.12,87.24,85.75,86.83,83062203
3-Aug-12,87.66,88.28,87.37,87.96,86228604
6-Aug-12,88.18,89.27,87.89,88.94,75580008
7-Aug-12,88.97,89.29,88.29,88.7,72627492
8-Aug-12,88.48,89.13,88.16,88.55,61176080
9-Aug-12,88.26,88.82,88.26,88.68,55452586
10-Aug-12,88.39,88.82,88.39,88.81,48765045
13-Aug-12,89.06,90.0,89.04,90.0,69707463
14-Aug-12,90.27,91.23,90.03,90.24,85041824
15-Aug-12,90.19,90.57,89.68,90.12,64377278
16-Aug-12,90.17,90.97,90.07,90.91,63694204
17-Aug-12,91.43,92.6,91.26,92.59,110689894
20-Aug-12,92.86,95.02,92.84,95.02,153345689
21-Aug-12,95.83,96.41,92.9,93.72,203176260
22-Aug-12,93.49,95.57,92.59,95.55,141330637
23-Aug-12,95.16,95.7,94.45,94.66,105029568
24-Aug-12,94.22,95.64,93.65,94.75,109334113
27-Aug-12,97.14,97.27,96.22,96.53,106728601
28-Aug-12,96.43,96.59,95.81,96.4,66844323
29-Aug-12,96.46,96.81,96.09,96.21,50701084
30-Aug-12,95.81,95.94,94.69,94.84,75672793
31-Aug-12,95.32,95.51,93.89,95.03,84579607
4-Sep-12,95.11,96.45,94.93,96.42,91972629
5-Sep-12,96.51,96.62,95.66,95.75,84090475
6-Sep-12,96.17,96.9,95.83,96.61,97845664
7-Sep-12,96.86,97.5,96.54,97.21,82416145
10-Sep-12,97.21,97.61,94.59,94.68,121998898
11-Sep-12,95.02,95.73,93.79,94.37,125984852
12-Sep-12,95.26,95.7,93.71,95.68,178054492
13-Sep-12,96.77,97.93,96.4,97.57,149589629
14-Sep-12,98.56,99.57,98.27,98.75,150118311
17-Sep-12,99.91,99.97,99.23,99.97,99507499
18-Sep-12,99.98,100.33,99.49,100.27,93375667
19-Sep-12,100.04,100.57,99.94,100.3,81715004
20-Sep-12,99.88,100.01,99.09,99.81,84141932
21-Sep-12,100.34,100.72,99.91,100.01,142897076
24-Sep-12,98.12,99.3,97.57,98.68,159936196
25-Sep-12,98.32,98.97,96.14,96.22,129690449
26-Sep-12,95.53,96.1,94.46,95.03,144175906
27-Sep-12,94.9,97.45,94.34,97.33,148522031
28-Sep-12,96.96,97.3,95.25,95.3,133777077
1-Oct-12,95.88,96.68,93.79,94.2,135895921
2-Oct-12,94.54,95.19,92.95,94.47,156997638
3-Oct-12,94.98,95.98,94.66,95.92,106069719
4-Oct-12,95.89,96.32,95.08,95.26,92688813
5-Oct-12,95.03,95.14,93.04,93.23,148501108
8-Oct-12,92.41,92.51,90.87,91.17,159494867
9-Oct-12,91.24,91.5,89.08,90.84,209648887
10-Oct-12,91.39,92.14,91.0,91.56,127588930
11-Oct-12,92.4,92.5,89.7,89.7,136520097
12-Oct-12,89.94,90.77,89.33,89.96,115003665
15-Oct-12,90.34,90.73,89.12,90.68,108124961
16-Oct-12,90.77,92.9,90.14,92.83,137442816
17-Oct-12,92.7,93.26,92.0,92.09,97327643
18-Oct-12,91.37,91.72,90.0,90.38,119155512
19-Oct-12,90.15,90.25,87.09,87.12,186021017
22-Oct-12,87.49,90.77,87.25,90.58,136682392
23-Oct-12,90.14,90.56,87.39,87.62,176786197
24-Oct-12,88.78,89.51,87.23,88.12,139631772
25-Oct-12,88.57,88.86,86.51,87.08,164081393
26-Oct-12,87.06,87.71,84.43,86.29,254605834
31-Oct-12,84.98,85.99,83.96,85.05,127500471
1-Nov-12,85.46,86.14,84.88,85.22,90361922
2-Nov-12,85.13,85.28,82.11,82.4,149843064
5-Nov-12,83.36,83.97,82.51,83.52,132321224
6-Nov-12,84.32,84.39,82.87,83.26,93729041
7-Nov-12,81.98,82.08,79.39,79.71,198412186
8-Nov-12,80.09,80.32,76.47,76.82,264036339
9-Nov-12,77.2,79.27,76.25,78.15,232476496
12-Nov-12,79.16,79.21,76.95,77.55,128950479
13-Nov-12,76.99,78.64,76.62,77.56,133302610
14-Nov-12,77.93,78.21,76.6,76.7,119291977
15-Nov-12,76.79,77.07,74.66,75.09,197477385
16-Nov-12,75.03,75.71,72.25,75.38,316722763
19-Nov-12,77.24,81.07,77.13,80.82,205792965
20-Nov-12,81.7,81.71,79.23,80.13,160687856
21-Nov-12,80.61,81.05,79.51,80.24,93306759
23-Nov-12,81.02,81.71,80.37,81.64,68206579
26-Nov-12,82.27,84.29,81.96,84.22,157644431
27-Nov-12,84.22,84.35,82.87,83.54,133328454
28-Nov-12,82.47,83.69,81.75,83.28,130264981
29-Nov-12,84.32,84.89,83.61,84.19,128674525
30-Nov-12,83.83,84.06,83.24,83.61,97824986
3-Dec-12,84.81,84.94,83.64,83.74,91069097
4-Dec-12,83.11,83.11,81.73,82.26,139482392
5-Dec-12,81.27,81.32,76.97,76.97,261159353
6-Dec-12,75.56,79.04,74.09,78.18,294301791
7-Dec-12,79.06,79.31,75.71,76.18,196941794
10-Dec-12,75.0,76.93,74.51,75.69,157620575
11-Dec-12,77.11,78.51,76.77,77.34,148085903
12-Dec-12,78.25,78.29,76.61,77.0,121783130
13-Dec-12,75.88,76.81,75.11,75.67,156314627
14-Dec-12,73.54,74.02,72.23,72.83,252394499
17-Dec-12,72.7,74.29,71.6,74.12,189736022
18-Dec-12,75.0,76.41,74.32,76.27,156417023
19-Dec-12,75.92,76.24,75.07,75.19,112340424
20-Dec-12,75.71,75.74,74.13,74.53,120421798
21-Dec-12,73.21,74.24,72.89,74.19,149129554
24-Dec-12,74.34,74.89,74.1,74.31,43936977
26-Dec-12,74.14,74.21,73.02,73.29,75609030
27-Dec-12,73.36,73.75,72.09,73.58,113779680
28-Dec-12,72.9,73.5,72.59,72.8,88569243
31-Dec-12,72.93,76.49,72.71,76.02,164872785
2-Jan-13,79.12,79.29,77.38,78.43,140124866
3-Jan-13,78.27,78.52,77.29,77.44,88240950
4-Jan-13,76.71,76.95,75.12,75.29,148581860
7-Jan-13,74.6,75.6,73.6,74.8,121038176
8-Jan-13,75.6,75.98,74.46,75.04,114676751
9-Jan-13,74.64,75.0,73.71,73.87,101899959
10-Jan-13,75.51,75.53,73.65,74.79,150285296
11-Jan-13,74.43,75.05,74.15,74.33,87688741
14-Jan-13,71.81,72.5,71.22,71.68,183544396
15-Jan-13,71.19,71.28,69.05,69.42,219192932
16-Jan-13,70.66,72.78,70.36,72.3,172700045
17-Jan-13,72.9,72.96,71.72,71.81,113412579
18-Jan-13,71.22,71.75,70.91,71.43,118287267
22-Jan-13,72.08,72.55,70.95,72.11,115386173
23-Jan-13,72.69,73.57,72.11,73.43,215375853
24-Jan-13,65.71,66.53,64.32,64.36,365212953
25-Jan-13,64.53,65.18,62.14,62.84,301993503
28-Jan-13,62.55,64.74,62.27,64.26,196378931
29-Jan-13,65.5,65.74,64.59,65.47,142768017
30-Jan-13,65.29,66.09,64.93,65.26,104288317
31-Jan-13,65.28,65.61,65.0,65.07,79833215
1-Feb-13,65.59,65.64,64.05,64.8,134867089
4-Feb-13,64.84,65.13,63.14,63.19,119278754
5-Feb-13,63.44,65.68,63.17,65.41,143336536
6-Feb-13,65.21,66.64,64.65,65.34,148426012
7-Feb-13,66.18,67.14,64.87,66.89,176145074
8-Feb-13,67.71,68.4,66.89,67.85,158288984
11-Feb-13,68.07,69.28,67.61,68.56,129358516
12-Feb-13,68.5,68.91,66.82,66.84,152262712
13-Feb-13,66.74,67.66,66.17,66.72,118801221
14-Feb-13,66.36,67.38,66.29,66.66,88876501
15-Feb-13,66.98,67.17,65.7,65.74,97981177
19-Feb-13,65.87,66.1,64.84,65.71,108944213
20-Feb-13,65.38,65.38,64.11,64.12,119074886
21-Feb-13,63.71,64.17,63.26,63.72,111795180
22-Feb-13,64.18,64.51,63.8,64.4,82663644
25-Feb-13,64.84,65.02,63.22,63.26,93144464
26-Feb-13,63.4,64.51,62.52,64.14,125374074
27-Feb-13,64.06,64.63,62.95,63.51,146836928
28-Feb-13,63.44,63.98,63.06,63.06,80628737
1-Mar-13,62.57,62.6,61.43,61.5,138111792
4-Mar-13,61.11,61.17,59.86,60.01,145684399
5-Mar-13,60.21,62.17,60.11,61.59,159607042
6-Mar-13,62.07,62.18,60.63,60.81,115062269
7-Mar-13,60.64,61.72,60.15,61.51,117117826
8-Mar-13,61.4,62.2,61.23,61.67,97898983
11-Mar-13,61.39,62.72,60.73,62.55,118558356
12-Mar-13,62.23,62.7,61.08,61.2,116477473
13-Mar-13,61.21,62.07,60.77,61.19,101454192
14-Mar-13,61.83,62.09,61.49,61.79,75968746
15-Mar-13,62.56,63.46,62.46,63.38,160989787
18-Mar-13,63.06,65.35,63.03,65.1,151549090
19-Mar-13,65.64,65.85,64.07,64.93,131693310
20-Mar-13,65.35,65.38,64.23,64.58,77165158
21-Mar-13,64.32,65.43,64.3,64.68,95813410
22-Mar-13,64.94,66.01,64.73,65.99,98776111
25-Mar-13,66.38,67.14,65.97,66.23,125283438
26-Mar-13,66.49,66.55,65.79,65.88,73573423
27-Mar-13,65.21,65.26,64.39,64.58,82852294
28-Mar-13,64.26,64.55,63.09,63.24,110745586
1-Apr-13,63.13,63.38,61.11,61.27,97432489
2-Apr-13,61.09,62.59,60.91,61.4,132443234
3-Apr-13,61.62,62.47,61.47,61.71,90803727
4-Apr-13,61.97,62.14,60.75,61.1,89664638
5-Apr-13,60.64,60.71,59.95,60.46,95923478
8-Apr-13,60.69,61.07,60.36,60.89,75264742
9-Apr-13,60.91,61.21,60.39,61.0,76688115
10-Apr-13,61.16,62.44,60.86,62.24,93981748
11-Apr-13,61.96,62.57,61.6,62.05,82154093
12-Apr-13,62.02,62.02,61.3,61.4,59681279
15-Apr-13,61.0,61.13,59.94,59.98,79379706
16-Apr-13,60.22,60.94,60.08,60.89,76442758
17-Apr-13,60.04,60.09,56.87,57.54,236263461
18-Apr-13,57.86,57.97,55.68,56.01,166574163
19-Apr-13,55.42,57.09,55.01,55.79,152318201
22-Apr-13,56.09,57.46,55.9,56.95,107479442
23-Apr-13,57.71,58.34,56.97,58.02,166058949
24-Apr-13,56.22,59.32,56.07,57.92,242458391
25-Apr-13,58.75,59.13,58.14,58.34,96209155
26-Apr-13,58.54,59.82,58.32,59.6,191068990
29-Apr-13,60.06,61.94,60.0,61.45,160081110
30-Apr-13,62.16,63.61,61.72,63.25,172884362
1-May-13,63.49,63.56,62.06,62.76,126788697
2-May-13,63.11,64.08,62.95,63.65,105506184
3-May-13,64.47,64.75,64.16,64.28,90381788
6-May-13,65.1,66.03,64.9,65.82,124160162
7-May-13,66.42,66.54,64.81,65.52,120938076
8-May-13,65.58,66.48,65.12,66.26,118149038
9-May-13,65.69,66.14,65.08,65.25,99687476
10-May-13,65.42,65.67,64.35,64.71,83712482
13-May-13,64.5,65.41,64.5,64.96,79277310
14-May-13,64.84,65.03,63.16,63.41,111778940
15-May-13,62.74,63.0,60.34,61.26,185403085
16-May-13,60.46,62.55,59.84,62.08,150866478
17-May-13,62.72,62.87,61.57,61.89,107019829
20-May-13,61.7,63.69,61.44,63.28,112893984
21-May-13,62.59,63.64,62.03,62.81,114074240
22-May-13,63.44,64.05,62.6,63.05,110814858
23-May-13,62.28,63.74,62.26,63.16,88345236
24-May-13,62.98,63.67,62.91,63.59,69106639
28-May-13,64.27,64.44,62.98,63.06,96536188
29-May-13,62.86,63.93,62.77,63.56,82695669
30-May-13,63.66,64.93,63.5,64.51,88428648
31-May-13,64.64,65.3,64.21,64.25,96075042
3-Jun-13,63.97,64.62,63.21,64.39,93087841
4-Jun-13,64.75,64.92,63.91,64.19,73181521
5-Jun-13,63.66,64.39,63.39,63.59,72647337
6-Jun-13,63.64,63.86,62.01,62.64,104268458
7-Jun-13,62.36,63.32,61.82,63.12,101185686
10-Jun-13,63.53,64.15,62.4,62.7,112589043
11-Jun-13,62.25,63.25,61.9,62.51,71426348
12-Jun-13,62.79,63.04,61.64,61.74,66356668
13-Jun-13,61.79,62.45,61.25,62.28,71528086
14-Jun-13,62.2,62.33,61.21,61.44,65672880
17-Jun-13,61.63,62.24,61.48,61.71,64860453
18-Jun-13,61.65,62.13,61.46,61.68,48790448
19-Jun-13,61.63,61.67,60.43,60.43,77757785
20-Jun-13,59.9,60.85,59.31,59.55,89374558
21-Jun-13,59.78,60.0,58.3,59.07,120297338
24-Jun-13,58.2,58.38,56.86,57.51,120186430
25-Jun-13,57.96,58.26,56.98,57.52,78584786
26-Jun-13,57.7,57.83,56.52,56.87,91986573
27-Jun-13,57.04,57.34,56.22,56.25,84350049
28-Jun-13,55.91,57.18,55.55,56.65,144659417
1-Jul-13,57.53,58.9,57.32,58.46,97793045
2-Jul-13,58.57,60.23,58.5,59.78,117521579
3-Jul-13,60.12,60.43,59.64,60.11,60232158
5-Jul-13,60.06,60.47,59.34,59.63,68520760
8-Jul-13,60.02,60.14,58.66,59.29,74578420
9-Jul-13,59.09,60.5,58.63,60.34,88172238
10-Jul-13,59.94,60.69,59.75,60.1,70350819
11-Jul-13,60.42,61.18,60.17,61.04,81618964
12-Jul-13,61.09,61.4,60.49,60.93,69910463
15-Jul-13,60.72,61.64,60.69,61.06,60543105
16-Jul-13,60.93,61.53,60.6,61.46,54134367
17-Jul-13,61.39,61.75,61.17,61.47,49764064
18-Jul-13,61.91,62.12,61.52,61.68,54760818
19-Jul-13,61.87,62.0,60.62,60.71,67194715
22-Jul-13,61.35,61.39,60.78,60.9,51997596
23-Jul-13,60.86,60.99,59.82,59.86,92348403
24-Jul-13,62.7,63.51,62.18,62.93,148013824
25-Jul-13,62.96,63.06,62.26,62.64,57420636
26-Jul-13,62.19,63.01,62.05,63.0,50068753
29-Jul-13,62.97,64.28,62.89,63.97,62110300
30-Jul-13,64.28,65.31,64.18,64.76,77355565
31-Jul-13,65.0,65.33,64.2,64.65,80739351
1-Aug-13,65.11,65.26,64.75,65.24,51562322
2-Aug-13,65.43,66.12,65.24,66.08,68695326
5-Aug-13,66.38,67.24,66.02,67.06,79713592
6-Aug-13,66.86,67.41,66.02,66.46,83728540
7-Aug-13,66.26,66.71,65.97,66.43,74713968
8-Aug-13,66.26,66.3,65.42,65.86,63999838
9-Aug-13,65.52,65.78,64.81,64.92,66905209
12-Aug-13,65.27,66.95,65.23,66.77,91108290
13-Aug-13,67.28,70.67,66.86,69.94,220484936
14-Aug-13,71.13,72.04,70.49,71.21,189092911
15-Aug-13,70.92,71.77,69.87,71.13,122573507
16-Aug-13,71.45,71.85,71.27,71.76,90575856
19-Aug-13,72.05,73.39,72.0,72.53,127629481
20-Aug-13,72.82,72.94,71.55,71.58,89671743
21-Aug-13,71.94,72.45,71.6,71.77,83969305
22-Aug-13,72.14,72.23,71.17,71.85,61051676
23-Aug-13,71.9,71.91,71.34,71.57,55682221
26-Aug-13,71.54,72.89,71.5,71.85,82741050
27-Aug-13,71.14,71.79,69.47,69.8,106047109
28-Aug-13,69.43,70.83,69.43,70.13,76901678
29-Aug-13,70.24,70.93,70.16,70.24,59913714
30-Aug-13,70.29,70.42,69.5,69.6,68100788
3-Sep-13,70.44,71.51,69.62,69.8,83025166
4-Sep-13,71.37,71.75,70.9,71.24,86257878
5-Sep-13,71.46,71.53,70.52,70.75,59091879
6-Sep-13,71.21,71.34,69.99,71.17,89881253
9-Sep-13,72.14,72.56,71.93,72.31,85171583
10-Sep-13,72.31,72.49,69.93,70.66,185798872
11-Sep-13,66.72,67.67,66.4,66.82,223526688
12-Sep-13,66.93,67.91,66.57,67.53,101012471
13-Sep-13,67.05,67.4,66.39,66.41,74708438
16-Sep-13,65.86,65.94,63.89,64.3,137137665
17-Sep-13,63.99,65.67,63.93,65.05,99844773
18-Sep-13,66.17,66.62,65.81,66.38,114215304
19-Sep-13,67.24,67.98,67.04,67.47,101134712
20-Sep-13,68.29,68.36,66.57,66.77,174825322
23-Sep-13,70.87,70.99,68.94,70.09,190526525
24-Sep-13,70.7,70.78,69.69,69.87,91085743
25-Sep-13,69.89,69.95,68.78,68.79,79239167
26-Sep-13,69.43,69.79,69.13,69.46,59305183
27-Sep-13,69.11,69.24,68.67,68.96,57009729
30-Sep-13,68.18,68.81,67.77,68.11,65039408
1-Oct-13,68.35,69.88,68.34,69.71,88470655
2-Oct-13,69.38,70.26,69.11,69.94,72295902
3-Oct-13,70.07,70.34,68.68,69.06,80688503
4-Oct-13,69.12,69.23,68.37,69.0,64717380
7-Oct-13,69.51,70.38,69.34,69.68,78073107
8-Oct-13,69.99,70.09,68.65,68.71,72729006
9-Oct-13,69.23,69.68,68.33,69.51,75431216
10-Oct-13,70.19,70.34,69.58,69.95,69650490
11-Oct-13,69.57,70.55,69.31,70.4,66934938
14-Oct-13,69.98,71.08,69.91,70.86,65474542
15-Oct-13,71.07,71.71,70.79,71.24,80018603
16-Oct-13,71.54,71.79,71.32,71.59,62775013
17-Oct-13,71.43,72.11,71.38,72.07,63398335
18-Oct-13,72.28,72.75,72.24,72.7,72635570
21-Oct-13,73.11,74.9,73.07,74.48,99526945
22-Oct-13,75.2,75.49,72.58,74.27,133515753
23-Oct-13,74.14,75.1,74.14,74.99,78431122
24-Oct-13,75.0,76.07,74.64,75.99,96191095
25-Oct-13,75.9,76.18,75.02,75.14,84448133
28-Oct-13,75.58,75.86,74.74,75.7,137610123
29-Oct-13,76.61,77.04,73.51,73.81,158952115
30-Oct-13,74.23,75.36,73.86,74.98,88540697
31-Oct-13,75.0,75.36,74.47,74.67,68923785
1-Nov-13,74.86,74.97,73.69,74.29,68722304
4-Nov-13,74.44,75.26,74.12,75.25,61157033
5-Nov-13,74.94,75.56,74.71,75.06,66368071
6-Nov-13,74.88,74.98,74.03,74.42,55844152
7-Nov-13,74.23,74.74,73.2,73.21,65655100
8-Nov-13,73.51,74.45,73.23,74.37,69829543
11-Nov-13,74.28,74.52,73.49,74.15,56863303
12-Nov-13,73.95,74.85,73.86,74.29,51114651
13-Nov-13,74.0,74.61,73.85,74.38,49304927
14-Nov-13,74.69,75.61,74.55,75.45,70605087
15-Nov-13,75.23,75.58,74.93,75.0,79479764
18-Nov-13,75.0,75.31,74.03,74.09,61236224
19-Nov-13,74.15,74.77,74.0,74.22,52234707
20-Nov-13,74.18,74.35,73.48,73.57,48545798
21-Nov-13,73.94,74.46,73.38,74.45,65506861
22-Nov-13,74.22,74.59,74.08,74.26,55931232
25-Nov-13,74.43,75.12,74.43,74.82,57348403
26-Nov-13,74.87,76.59,74.86,76.2,100345728
27-Nov-13,76.62,78.0,76.2,77.99,90861841
29-Nov-13,78.5,79.76,78.26,79.44,79532215
2-Dec-13,79.71,80.62,78.69,78.75,118135885
3-Dec-13,79.76,80.91,79.67,80.9,112741734
4-Dec-13,80.79,81.31,80.12,80.71,94452666
5-Dec-13,81.81,82.16,80.92,81.13,111895315
6-Dec-13,80.83,80.96,79.94,80.0,86088352
9-Dec-13,80.14,81.37,80.13,80.92,80123533
10-Dec-13,80.52,81.13,80.17,80.79,69567610
11-Dec-13,81.01,81.57,79.96,80.19,89929693
12-Dec-13,80.38,80.76,80.0,80.08,65572318
13-Dec-13,80.34,80.41,79.1,79.2,83205283
16-Dec-13,79.37,80.38,79.29,79.64,70648452
17-Dec-13,79.39,79.92,79.05,79.28,57475649
18-Dec-13,78.21,78.78,76.97,78.68,141465807
19-Dec-13,78.38,78.57,77.68,77.78,80239369
20-Dec-13,77.91,78.8,77.83,78.43,109103435
23-Dec-13,81.14,81.53,80.39,81.44,125326831
24-Dec-13,81.41,81.7,80.86,81.1,41888735
26-Dec-13,81.16,81.36,80.48,80.56,51002035
27-Dec-13,80.55,80.63,79.93,80.01,56471317
30-Dec-13,79.64,80.01,78.9,79.22,63407722
31-Dec-13,79.17,80.18,79.14,80.15,55819372
2-Jan-14,79.38,79.58,78.86,79.02,58791957
3-Jan-14,78.98,79.1,77.2,77.28,98303870
6-Jan-14,76.78,78.11,76.23,77.7,103359151
7-Jan-14,77.76,77.99,76.85,77.15,79432766
8-Jan-14,76.97,77.94,76.96,77.64,64686685
9-Jan-14,78.11,78.12,76.48,76.65,69905199
10-Jan-14,77.12,77.26,75.87,76.13,76320664
13-Jan-14,75.7,77.5,75.7,76.53,94860843
14-Jan-14,76.89,78.1,76.81,78.06,83734371
15-Jan-14,79.07,80.03,78.81,79.62,98472619
16-Jan-14,79.27,79.55,78.81,79.18,57471330
17-Jan-14,78.78,78.87,77.13,77.24,108426689
21-Jan-14,77.28,78.58,77.2,78.44,82255544
22-Jan-14,78.7,79.61,78.26,78.79,95219334
23-Jan-14,78.56,79.5,77.83,79.45,100978346
24-Jan-14,79.14,79.37,77.82,78.01,108384437
27-Jan-14,78.58,79.26,77.96,78.64,144219152
28-Jan-14,72.68,73.57,71.72,72.36,266833581
29-Jan-14,71.99,72.48,71.23,71.54,125942796
30-Jan-14,71.79,72.36,70.96,71.4,169762789
31-Jan-14,70.74,71.65,70.51,71.51,116336444
3-Feb-14,71.8,72.53,71.33,71.65,100620772
4-Feb-14,72.26,72.78,71.82,72.68,94273543
5-Feb-14,72.37,73.61,72.32,73.23,82322156
6-Feb-14,72.87,73.36,72.54,73.22,64497223
7-Feb-14,74.48,74.7,73.91,74.24,93638601
10-Feb-14,74.09,76.0,74.0,75.57,86451022
11-Feb-14,75.8,76.82,75.64,76.57,70672252
12-Feb-14,76.71,77.08,76.18,76.56,77127064
13-Feb-14,76.38,77.84,76.31,77.78,76960156
14-Feb-14,77.5,78.0,77.32,77.71,68468036
18-Feb-14,78.0,78.74,77.94,78.0,65306248
19-Feb-14,77.82,78.13,76.34,76.77,78554420
20-Feb-14,76.14,76.71,75.57,75.88,76529103
21-Feb-14,76.11,76.37,74.94,75.04,69757247
24-Feb-14,74.74,75.7,74.63,75.36,72364950
25-Feb-14,75.63,75.65,74.43,74.58,58247350
26-Feb-14,74.8,75.0,73.66,73.91,69131286
27-Feb-14,73.88,75.54,73.72,75.38,75557321
28-Feb-14,75.58,76.11,74.59,75.18,93074653
3-Mar-14,74.77,75.81,74.69,75.39,59784494
4-Mar-14,75.86,76.09,75.4,75.89,64884834
5-Mar-14,75.85,76.39,75.59,76.05,50065519
6-Mar-14,76.11,76.35,75.44,75.82,46423111
7-Mar-14,75.87,76.0,75.15,75.78,55415241
10-Mar-14,75.48,76.19,75.48,75.85,44691430
11-Mar-14,76.49,76.96,76.08,76.58,70198849
12-Mar-14,76.36,76.76,76.0,76.66,50195460
13-Mar-14,76.78,77.09,75.59,75.81,64435609
14-Mar-14,75.54,75.84,74.71,74.96,59299492
17-Mar-14,75.39,75.71,75.12,75.25,49886074
18-Mar-14,75.13,76.0,75.03,75.91,52411863
19-Mar-14,76.04,76.61,75.57,75.89,56188958
20-Mar-14,75.7,76.1,75.34,75.53,52099537
21-Mar-14,75.99,76.25,75.19,76.12,93612169
24-Mar-14,76.92,77.21,76.44,77.03,88924871
25-Mar-14,77.36,77.96,77.08,77.86,70573356
26-Mar-14,78.07,78.43,76.98,77.11,74942224
27-Mar-14,77.14,77.36,76.45,76.78,55507676
28-Mar-14,76.9,76.99,76.32,76.69,50141063
31-Mar-14,77.03,77.26,76.56,76.68,42167188
1-Apr-14,76.82,77.41,76.68,77.38,50189685
2-Apr-14,77.48,77.64,77.18,77.51,45104871
3-Apr-14,77.34,77.5,76.81,76.97,40648111
4-Apr-14,77.12,77.14,75.8,75.97,68812485
7-Apr-14,75.43,75.84,74.56,74.78,72462530
8-Apr-14,75.03,75.16,74.1,74.78,60971883
9-Apr-14,74.66,75.78,74.57,75.76,51542722
10-Apr-14,75.81,76.03,74.74,74.78,59912818
11-Apr-14,74.14,74.69,73.88,74.23,67975012
14-Apr-14,74.56,74.59,73.89,74.53,51445177
15-Apr-14,74.32,74.52,73.05,73.99,66622577
16-Apr-14,74.01,74.44,73.45,74.14,53732994
17-Apr-14,74.29,75.39,74.17,74.99,71106721
21-Apr-14,75.05,76.02,74.85,75.88,45668931
22-Apr-14,75.47,75.98,75.21,75.96,50664453
23-Apr-14,75.58,75.88,74.92,74.96,98735259
24-Apr-14,81.17,81.43,80.1,81.11,189978082
25-Apr-14,80.65,81.71,80.57,81.71,97568814
28-Apr-14,81.83,85.11,81.79,84.87,167371680
29-Apr-14,84.82,85.14,84.22,84.62,84344673
30-Apr-14,84.66,85.63,84.26,84.3,114220883
1-May-14,84.57,84.97,83.77,84.5,61052418
2-May-14,84.62,84.89,84.24,84.65,47878572
5-May-14,84.31,85.86,84.29,85.85,71766758
6-May-14,85.97,86.34,84.92,84.92,93641373
7-May-14,85.04,85.33,83.96,84.62,70715988
8-May-14,84.04,84.92,83.77,84.0,57574363
9-May-14,83.51,83.75,82.9,83.65,72899498
12-May-14,83.93,84.81,83.91,84.69,53324677
13-May-14,84.57,84.93,84.39,84.82,39934594
14-May-14,84.63,85.34,84.53,84.84,41600846
15-May-14,84.96,85.23,84.01,84.12,57711731
16-May-14,84.09,85.36,83.63,85.36,69091834
19-May-14,85.41,86.76,85.33,86.37,79439024
20-May-14,86.36,86.63,85.82,86.39,58708986
21-May-14,86.26,86.67,86.01,86.62,49249914
22-May-14,86.66,87.12,86.3,86.75,50218945
23-May-14,86.75,87.82,86.64,87.73,58052491
27-May-14,87.98,89.41,87.95,89.38,87216605
28-May-14,89.43,89.98,89.11,89.14,78921885
29-May-14,89.69,90.98,89.68,90.77,94118633
30-May-14,91.14,92.02,89.84,90.43,141005137
2-Jun-14,90.57,90.69,88.93,89.81,92337903
3-Jun-14,89.78,91.25,89.75,91.08,73231620
4-Jun-14,91.06,92.56,90.87,92.12,83870521
5-Jun-14,92.31,92.77,91.8,92.48,75951141
6-Jun-14,92.84,93.04,92.07,92.22,87620911
9-Jun-14,92.7,93.88,91.75,93.7,75414804
10-Jun-14,94.73,95.05,93.57,94.25,62777042
11-Jun-14,94.13,94.76,93.47,93.86,45681114
12-Jun-14,94.04,94.12,91.9,92.29,54748791
13-Jun-14,92.2,92.44,90.88,91.28,54525280
16-Jun-14,91.51,92.75,91.45,92.2,35561270
17-Jun-14,92.31,92.7,91.8,92.08,29726347
18-Jun-14,92.27,92.29,91.35,92.18,33514108
19-Jun-14,92.29,92.3,91.34,91.86,35527686
20-Jun-14,91.85,92.55,90.9,90.91,100898066
23-Jun-14,91.32,91.62,90.6,90.83,43694391
24-Jun-14,90.75,91.74,90.19,90.28,39036087
25-Jun-14,90.21,90.7,89.65,90.36,36868541
26-Jun-14,90.37,91.05,89.8,90.9,32629359
27-Jun-14,90.82,92.0,90.77,91.98,64028803
30-Jun-14,92.1,93.72,92.09,92.93,49589028
1-Jul-14,93.52,94.07,93.13,93.52,38223477
2-Jul-14,93.86,94.06,93.09,93.48,28465073
3-Jul-14,93.67,94.1,93.2,94.03,22891753
7-Jul-14,94.14,95.99,94.1,95.97,56467939
8-Jul-14,96.27,96.8,93.92,95.35,65221678
9-Jul-14,95.44,95.95,94.76,95.39,36436440
10-Jul-14,93.76,95.55,93.52,95.04,39685552
11-Jul-14,95.36,95.89,94.86,95.22,34018228
14-Jul-14,95.86,96.89,95.65,96.45,42810155
15-Jul-14,96.8,96.85,95.03,95.32,45696176
16-Jul-14,96.97,97.1,94.74,94.78,53502415
17-Jul-14,95.03,95.28,92.57,93.09,57298243
18-Jul-14,93.62,94.74,93.02,94.43,49987593
21-Jul-14,94.99,95.0,93.72,93.94,39079002
22-Jul-14,94.68,94.89,94.12,94.72,55196597
23-Jul-14,95.42,97.88,95.17,97.19,92917719
24-Jul-14,97.04,97.32,96.42,97.03,45728843
25-Jul-14,96.85,97.84,96.64,97.67,43469117
28-Jul-14,97.82,99.24,97.55,99.02,55317689
29-Jul-14,99.33,99.44,98.25,98.38,43143095
30-Jul-14,98.44,98.7,97.67,98.15,33010001
31-Jul-14,97.16,97.45,95.33,95.6,56842647
1-Aug-14,94.9,96.62,94.81,96.13,48511286
4-Aug-14,96.37,96.58,95.17,95.59,39958144
5-Aug-14,95.36,95.68,94.36,95.12,55932663
6-Aug-14,94.75,95.48,94.71,94.96,38558342
7-Aug-14,94.93,95.95,94.1,94.48,46711179
8-Aug-14,94.26,94.82,93.28,94.74,41865193
11-Aug-14,95.27,96.08,94.84,95.99,36584844
12-Aug-14,96.04,96.88,95.61,95.97,33795352
13-Aug-14,96.15,97.24,96.04,97.24,31916439
14-Aug-14,97.33,97.57,96.8,97.5,28115566
15-Aug-14,97.9,98.19,96.86,97.98,48951331
18-Aug-14,98.49,99.37,97.98,99.16,47572413
19-Aug-14,99.41,100.68,99.32,100.53,69399270
20-Aug-14,100.44,101.09,99.95,100.57,52699192
21-Aug-14,100.57,100.94,100.11,100.58,33478198
22-Aug-14,100.29,101.47,100.19,101.32,44183834
25-Aug-14,101.79,102.17,101.28,101.54,40270173
26-Aug-14,101.42,101.5,100.86,100.89,33151984
27-Aug-14,101.02,102.57,100.7,102.13,52369011
28-Aug-14,102.13,102.78,101.56,102.25,68459801
29-Aug-14,102.86,102.9,102.2,102.5,44595247
2-Sep-14,103.06,103.74,102.72,103.3,53564262
3-Sep-14,103.1,103.2,98.58,98.94,125420521
4-Sep-14,98.85,100.09,97.79,98.12,85718221
5-Sep-14,98.8,99.39,98.31,98.97,58457035
8-Sep-14,99.3,99.31,98.05,98.36,46356742
9-Sep-14,99.08,103.08,96.14,97.99,189846255
10-Sep-14,98.01,101.11,97.76,101.0,100869587
11-Sep-14,100.41,101.44,99.62,101.43,62399743
12-Sep-14,101.21,102.19,101.08,101.66,64096903
15-Sep-14,102.81,103.05,101.44,101.63,61316516
16-Sep-14,99.8,101.26,98.89,100.86,66908133
17-Sep-14,101.27,101.8,100.59,101.58,60926498
18-Sep-14,101.93,102.35,101.56,101.79,37299435
19-Sep-14,102.29,102.35,100.88,100.96,70902406
22-Sep-14,101.8,102.14,100.58,101.06,52788426
23-Sep-14,100.6,102.94,100.54,102.64,63402196
24-Sep-14,102.16,102.85,101.2,101.75,60171828
25-Sep-14,100.51,100.71,97.72,97.87,100091990
26-Sep-14,98.53,100.75,98.4,100.75,62370501
29-Sep-14,98.65,100.44,98.63,100.11,49766312
30-Sep-14,100.81,101.54,100.53,100.75,55264139
1-Oct-14,100.59,100.69,98.7,99.18,51491286
2-Oct-14,99.27,100.22,98.04,99.9,47757828
3-Oct-14,99.44,100.21,99.04,99.62,43469585
6-Oct-14,99.95,100.65,99.42,99.62,37051182
7-Oct-14,99.43,100.12,98.73,98.75,42094183
8-Oct-14,98.76,101.11,98.31,100.8,57404674
9-Oct-14,101.54,102.38,100.61,101.02,77376525
10-Oct-14,100.69,102.03,100.3,100.73,66331592
13-Oct-14,101.33,101.78,99.81,99.81,53583368
14-Oct-14,100.39,100.52,98.57,98.75,63688562
15-Oct-14,97.97,99.15,95.18,97.54,100933600
16-Oct-14,95.55,97.72,95.41,96.26,72154523
17-Oct-14,97.5,99.0,96.81,97.67,68179688
20-Oct-14,98.32,99.96,98.22,99.76,77517279
21-Oct-14,103.02,103.02,101.27,102.47,94623904
22-Oct-14,102.84,104.11,102.6,102.99,68263146
23-Oct-14,104.08,105.05,103.63,104.83,71074674
24-Oct-14,105.18,105.49,104.53,105.22,47053916
27-Oct-14,104.85,105.48,104.7,105.11,34187701
28-Oct-14,105.4,106.74,105.35,106.74,48060949
29-Oct-14,106.65,107.37,106.36,107.34,52687879
30-Oct-14,106.96,107.35,105.9,106.98,40654793
31-Oct-14,108.01,108.04,107.21,108.0,44639285
3-Nov-14,108.22,110.3,108.01,109.4,52282550
4-Nov-14,109.36,109.49,107.72,108.6,41574365
5-Nov-14,109.1,109.3,108.12,108.86,37435905
6-Nov-14,108.6,108.79,107.8,108.7,34968457
7-Nov-14,108.75,109.32,108.55,109.01,33691535
10-Nov-14,109.02,109.33,108.67,108.83,27195547
11-Nov-14,108.7,109.75,108.4,109.7,27442252
12-Nov-14,109.38,111.43,109.37,111.25,46942431
13-Nov-14,111.8,113.45,111.6,112.82,59522855
14-Nov-14,113.15,114.19,113.05,114.18,44063595
17-Nov-14,114.27,117.28,113.3,113.99,46746712
18-Nov-14,113.94,115.69,113.89,115.47,44223978
19-Nov-14,115.44,115.74,113.8,114.67,41869160
20-Nov-14,114.91,116.86,114.85,116.31,43395537
21-Nov-14,117.51,117.57,116.03,116.47,57179298
24-Nov-14,116.85,118.77,116.62,118.62,47450824
25-Nov-14,119.07,119.75,117.45,117.6,68840440
26-Nov-14,117.94,119.1,117.83,119.0,40831886
28-Nov-14,119.27,119.4,118.05,118.93,24814402
1-Dec-14,118.81,119.25,111.27,115.07,83814037
2-Dec-14,113.5,115.75,112.75,114.63,59348940
3-Dec-14,115.75,116.35,115.11,115.93,43063440
4-Dec-14,115.77,117.2,115.29,115.49,42155776
5-Dec-14,115.99,116.08,114.64,115.0,38318895
8-Dec-14,114.1,114.65,111.62,112.4,57664850
9-Dec-14,110.19,114.3,109.35,114.12,60208036
10-Dec-14,114.41,114.85,111.54,111.95,44565318
11-Dec-14,112.26,113.8,111.34,111.62,41471578
12-Dec-14,110.46,111.87,109.58,109.73,56028138
15-Dec-14,110.7,111.6,106.35,108.22,67218082
16-Dec-14,106.37,110.16,106.26,106.74,60790733
17-Dec-14,107.12,109.84,106.82,109.41,53411773
18-Dec-14,111.87,112.65,110.66,112.65,59006218
19-Dec-14,112.26,113.24,111.66,111.78,88429770
22-Dec-14,112.16,113.49,111.97,112.94,45167549
23-Dec-14,113.23,113.33,112.46,112.54,26028419
24-Dec-14,112.58,112.71,112.01,112.01,14479611
26-Dec-14,112.1,114.52,112.01,113.99,33720951
29-Dec-14,113.79,114.77,113.7,113.91,27598920
30-Dec-14,113.64,113.92,112.11,112.52,29881477
31-Dec-14,112.82,113.13,110.21,110.38,41403351
2-Jan-15,111.39,111.44,107.35,109.33,53204626
5-Jan-15,108.29,108.65,105.41,106.25,64285491
6-Jan-15,106.54,107.43,104.63,106.26,65797116
7-Jan-15,107.2,108.2,106.7,107.75,40105934
8-Jan-15,109.23,112.15,108.7,111.89,59364547
9-Jan-15,112.67,113.25,110.21,112.01,53699527
12-Jan-15,112.6,112.63,108.8,109.25,49650790
13-Jan-15,111.43,112.8,108.91,110.22,67091928
14-Jan-15,109.04,110.49,108.5,109.8,48956588
15-Jan-15,110.0,110.06,106.66,106.82,60013996
16-Jan-15,107.03,107.58,105.2,105.99,78513345
20-Jan-15,107.84,108.97,106.5,108.72,49899907
21-Jan-15,108.95,111.06,108.27,109.55,48575897
22-Jan-15,110.26,112.47,109.72,112.4,53796409
23-Jan-15,112.3,113.75,111.53,112.98,46464828
26-Jan-15,113.74,114.36,112.8,113.1,55614979
27-Jan-15,112.42,112.48,109.03,109.14,95568749
28-Jan-15,117.62,118.12,115.31,115.31,146477063
29-Jan-15,116.32,119.19,115.56,118.9,84436432
30-Jan-15,118.4,120.0,116.85,117.16,83745461
2-Feb-15,118.05,119.17,116.08,118.63,62739100
3-Feb-15,118.5,119.09,117.61,118.65,51915749
4-Feb-15,118.5,120.51,118.31,119.56,70149743
5-Feb-15,120.02,120.23,119.25,119.94,42246245
6-Feb-15,120.02,120.25,118.45,118.93,43706567
9-Feb-15,118.55,119.84,118.43,119.72,38889797
10-Feb-15,120.17,122.15,120.16,122.02,62008506
11-Feb-15,122.77,124.92,122.5,124.88,73561797
12-Feb-15,126.06,127.48,125.57,126.46,74474466
13-Feb-15,127.28,127.28,125.65,127.08,54272219
17-Feb-15,127.49,128.88,126.92,127.83,63152405
18-Feb-15,127.62,128.78,127.45,128.72,44891737
19-Feb-15,128.48,129.03,128.33,128.45,37362381
20-Feb-15,128.62,129.5,128.05,129.5,48948419
23-Feb-15,130.02,133.0,129.66,133.0,70974110
24-Feb-15,132.94,133.6,131.17,132.17,69228130
25-Feb-15,131.56,131.6,128.15,128.79,74711746
26-Feb-15,128.78,130.87,126.61,130.42,91287529
27-Feb-15,130.0,130.57,128.24,128.46,62014847
2-Mar-15,129.25,130.28,128.3,129.09,48096663
3-Mar-15,128.96,129.52,128.09,129.36,37816283
4-Mar-15,129.1,129.56,128.32,128.54,31666340
5-Mar-15,128.58,128.75,125.76,126.41,56517146
6-Mar-15,128.4,129.37,126.26,126.6,72842060
9-Mar-15,127.96,129.57,125.06,127.14,88528487
10-Mar-15,126.41,127.22,123.8,124.51,68856582
11-Mar-15,124.75,124.77,122.11,122.24,68938974
12-Mar-15,122.31,124.9,121.63,124.45,48362719
13-Mar-15,124.4,125.4,122.58,123.59,51827283
16-Mar-15,123.88,124.95,122.87,124.95,35874300
17-Mar-15,125.9,127.32,125.65,127.04,51023104
18-Mar-15,127.0,129.16,126.37,128.47,65270945
19-Mar-15,128.75,129.25,127.4,127.5,45809490
20-Mar-15,128.25,128.4,125.16,125.9,68695136
23-Mar-15,127.12,127.85,126.52,127.21,37709674
24-Mar-15,127.23,128.04,126.56,126.69,32842304
25-Mar-15,126.54,126.82,123.38,123.38,51655177
26-Mar-15,122.76,124.88,122.6,124.24,47572869
27-Mar-15,124.57,124.7,122.91,123.25,39546151
30-Mar-15,124.05,126.4,124.0,126.37,47099670
31-Mar-15,126.09,126.49,124.36,124.43,42090553
1-Apr-15,124.82,125.12,123.1,124.25,40621437
2-Apr-15,125.03,125.56,124.19,125.32,32220131
6-Apr-15,124.47,127.51,124.33,127.35,37193975
7-Apr-15,127.64,128.12,125.98,126.01,35012268
8-Apr-15,125.85,126.4,124.97,125.6,37329243
9-Apr-15,125.85,126.58,124.66,126.56,32483974
10-Apr-15,125.95,127.21,125.26,127.1,40187953
13-Apr-15,128.37,128.57,126.61,126.85,36365123
14-Apr-15,127.0,127.29,125.91,126.3,25524593
15-Apr-15,126.41,127.13,126.01,126.78,28970419
16-Apr-15,126.28,127.1,126.11,126.17,28368987
17-Apr-15,125.55,126.14,124.46,124.75,51957046
20-Apr-15,125.57,128.12,125.17,127.6,47054310
21-Apr-15,128.1,128.2,126.67,126.91,32435057
22-Apr-15,126.99,128.87,126.32,128.62,37654505
23-Apr-15,128.3,130.42,128.14,129.67,45770902
24-Apr-15,130.49,130.63,129.23,130.28,44525905
27-Apr-15,132.31,133.13,131.15,132.65,96954207
28-Apr-15,134.46,134.54,129.57,130.56,118923970
29-Apr-15,130.16,131.59,128.3,128.64,63386083
30-Apr-15,128.64,127.88,124.58,125.15,83195423
1-May-15,126.1,130.13,125.3,128.95,58512638
4-May-15,129.5,130.57,128.26,128.7,50988278
5-May-15,128.15,128.45,125.78,125.8,49271416
6-May-15,126.56,126.75,123.36,125.01,72141010
7-May-15,124.77,126.08,124.02,125.26,43940895
8-May-15,126.68,127.62,126.11,127.62,55550382
11-May-15,127.39,127.56,125.62,126.32,42035757
12-May-15,125.6,126.88,124.82,125.86,48160032
13-May-15,126.15,127.19,125.87,126.01,34694235
14-May-15,127.41,128.95,127.16,128.95,45203456
15-May-15,129.07,129.49,128.21,128.77,38208034
18-May-15,128.38,130.72,128.36,130.19,50882918
19-May-15,130.69,130.88,129.64,130.07,44633240
20-May-15,130.0,130.98,129.34,130.06,36454932
21-May-15,130.07,131.63,129.83,131.39,39730364
22-May-15,131.6,132.97,131.4,132.54,45595972
26-May-15,132.6,132.91,129.12,129.62,70697560
27-May-15,130.34,132.26,130.05,132.04,45833246
28-May-15,131.86,131.95,131.1,131.78,30733309
29-May-15,131.23,131.45,129.9,130.28,50884452
1-Jun-15,130.28,131.39,130.05,130.54,32112797
2-Jun-15,129.86,130.66,129.32,129.96,33667627
3-Jun-15,130.66,130.94,129.9,130.12,30983542
4-Jun-15,129.58,130.58,128.91,129.36,38450118
5-Jun-15,129.5,129.69,128.36,128.65,35626800
8-Jun-15,128.9,129.21,126.83,127.8,52674786
9-Jun-15,126.7,128.08,125.62,127.42,56075420
10-Jun-15,127.92,129.34,127.85,128.88,39087250
11-Jun-15,129.18,130.18,128.48,128.59,35390887
12-Jun-15,128.18,128.33,127.11,127.17,36886246
15-Jun-15,126.1,127.24,125.71,126.92,43988946
16-Jun-15,127.03,127.85,126.37,127.6,31494131
17-Jun-15,127.72,127.88,126.74,127.3,32918071
18-Jun-15,127.23,128.31,127.22,127.88,35407220
19-Jun-15,127.71,127.82,126.4,126.6,54716887
22-Jun-15,127.49,128.06,127.08,127.61,34039345
23-Jun-15,127.48,127.61,126.88,127.03,30268863
24-Jun-15,127.21,129.8,127.12,128.11,55280855
25-Jun-15,128.86,129.2,127.5,127.5,31938100
26-Jun-15,127.67,127.99,126.51,126.75,44066841
29-Jun-15,125.46,126.47,124.48,124.53,49161427
30-Jun-15,125.57,126.12,124.86,125.42,44370682
1-Jul-15,126.9,126.94,125.99,126.6,30238811
2-Jul-15,126.43,126.69,125.77,126.44,27210952
6-Jul-15,124.94,126.23,124.85,126.0,28060431
7-Jul-15,125.89,126.15,123.77,125.69,46946811
8-Jul-15,124.48,124.64,122.54,122.57,60761614
9-Jul-15,123.85,124.06,119.22,120.07,78595038
10-Jul-15,121.94,123.85,121.21,123.28,61354474
13-Jul-15,125.03,125.76,124.32,125.66,41440538
14-Jul-15,126.04,126.37,125.04,125.61,31768139
15-Jul-15,125.72,127.15,125.58,126.82,33649200
16-Jul-15,127.74,128.57,127.35,128.51,36222447
17-Jul-15,129.08,129.62,128.31,129.62,46164710
20-Jul-15,130.97,132.97,130.7,132.07,58900203
21-Jul-15,132.85,132.92,130.32,130.75,76756427
22-Jul-15,121.99,125.5,121.99,125.22,115450607
23-Jul-15,126.2,127.09,125.06,125.16,50999452
24-Jul-15,125.32,125.74,123.9,124.5,42162332
27-Jul-15,123.09,123.61,122.12,122.77,44455540
28-Jul-15,123.38,123.91,122.55,123.38,33618097
29-Jul-15,123.15,123.5,122.27,122.99,37011653
30-Jul-15,122.32,122.57,121.71,122.37,33628268
31-Jul-15,122.6,122.64,120.91,121.3,42884953
3-Aug-15,121.5,122.57,117.52,118.44,69975968
4-Aug-15,117.42,117.7,113.25,114.64,124138623
5-Aug-15,112.95,117.44,112.1,115.4,99312613
6-Aug-15,115.97,116.5,114.12,115.13,52903040
7-Aug-15,114.58,116.25,114.5,115.52,38670405
10-Aug-15,116.53,119.99,116.53,119.72,54951597
11-Aug-15,117.81,118.18,113.33,113.49,97082814
12-Aug-15,112.53,115.42,109.63,115.24,101685610
13-Aug-15,116.04,116.4,114.54,115.15,48535789
14-Aug-15,114.32,116.31,114.01,115.96,42929516
17-Aug-15,116.04,117.65,115.5,117.16,40884745
18-Aug-15,116.43,117.44,116.01,116.5,34560708
19-Aug-15,116.1,116.52,114.68,115.01,48286510
20-Aug-15,114.08,114.35,111.63,112.65,67765523
21-Aug-15,110.43,111.9,105.64,105.76,126289223
24-Aug-15,94.87,108.8,92.0,103.12,161454199
25-Aug-15,111.11,111.11,103.5,103.74,102240208
26-Aug-15,107.08,109.89,105.05,109.69,96226269
27-Aug-15,112.23,113.24,110.02,112.92,83265146
28-Aug-15,112.17,113.31,111.54,113.29,52896384
31-Aug-15,112.03,114.53,112.0,112.76,55962842
1-Sep-15,110.15,111.88,107.36,107.72,75988194
2-Sep-15,110.23,112.34,109.13,112.34,61520170
3-Sep-15,112.49,112.78,110.04,110.37,52906410
4-Sep-15,108.97,110.45,108.51,109.27,49628615
8-Sep-15,111.75,112.56,110.32,112.31,54114204
9-Sep-15,113.76,114.02,109.77,110.15,84344438
10-Sep-15,110.27,113.28,109.9,112.57,62675234
11-Sep-15,111.79,114.21,111.76,114.21,49441846
14-Sep-15,116.58,116.89,114.86,115.31,58201862
15-Sep-15,115.93,116.53,114.42,116.28,43004052
16-Sep-15,116.25,116.54,115.44,116.41,36909956
17-Sep-15,115.66,116.49,113.72,113.92,63462713
18-Sep-15,112.21,114.3,111.87,113.45,73418992
21-Sep-15,113.67,115.37,113.66,115.21,46554289
22-Sep-15,113.38,114.18,112.52,113.4,49809010
23-Sep-15,113.63,114.72,113.3,114.32,35645658
24-Sep-15,113.25,115.5,112.37,115.0,49810647
25-Sep-15,116.44,116.69,114.02,114.71,55842210
28-Sep-15,113.85,114.57,112.44,112.44,51723929
29-Sep-15,112.83,113.51,107.86,109.06,73135853
30-Sep-15,110.17,111.54,108.73,110.3,66105030
1-Oct-15,109.07,109.62,107.31,109.58,63747954
2-Oct-15,108.01,111.01,107.55,110.38,57560431
5-Oct-15,110.08,111.37,109.07,110.78,51723110
6-Oct-15,110.63,111.74,109.76,111.31,48196751
7-Oct-15,110.47,111.77,109.41,110.78,46602587
8-Oct-15,110.06,110.19,108.21,109.5,61698450
9-Oct-15,111.64,112.28,109.49,112.12,52533783
12-Oct-15,112.73,112.75,111.44,111.6,30114425
13-Oct-15,110.82,112.45,110.68,111.79,32424018
14-Oct-15,111.29,111.52,109.56,110.21,44325611
15-Oct-15,110.93,112.1,110.49,111.86,37340996
16-Oct-15,111.78,112.0,110.53,111.04,38236278
19-Oct-15,110.8,111.75,110.11,111.73,29606075
20-Oct-15,111.34,114.17,110.82,113.77,48778770
21-Oct-15,114.0,115.58,113.7,113.76,41795238
22-Oct-15,114.33,115.5,114.1,115.5,41272693
23-Oct-15,118.77,119.23,116.33,119.08,59139552
26-Oct-15,118.08,118.13,114.92,115.28,66019504
27-Oct-15,115.4,116.54,113.99,114.55,57953589
28-Oct-15,117.58,119.3,116.06,119.27,85023324
29-Oct-15,118.7,120.69,118.27,120.53,50240803
30-Oct-15,120.99,121.22,119.45,119.5,48811991
2-Nov-15,120.8,121.36,119.61,121.18,31761309
3-Nov-15,120.79,123.49,120.7,122.57,45331025
4-Nov-15,122.56,123.82,121.62,122.0,44343498
5-Nov-15,121.85,122.69,120.18,120.92,39258480
6-Nov-15,121.08,121.81,120.62,121.06,32931447
9-Nov-15,120.96,121.81,120.05,120.57,33657546
10-Nov-15,116.9,118.07,116.06,116.77,58635125
11-Nov-15,116.37,117.42,115.21,116.11,45104903
12-Nov-15,116.26,116.82,115.65,115.72,32262598
13-Nov-15,115.2,115.57,112.27,112.34,45164053
16-Nov-15,111.38,114.24,111.0,114.18,37651022
17-Nov-15,114.92,115.05,113.32,113.69,27253964
18-Nov-15,115.76,117.49,115.5,117.29,46163404
19-Nov-15,117.64,119.75,116.76,118.78,42908179
20-Nov-15,119.2,119.92,118.85,119.3,34103529
23-Nov-15,119.27,119.73,117.34,117.75,32266736
24-Nov-15,117.33,119.35,117.12,118.88,42426855
25-Nov-15,119.21,119.23,117.92,118.03,21388308
27-Nov-15,118.29,118.41,117.6,117.81,13043720
30-Nov-15,117.99,119.41,117.75,118.3,37658671
1-Dec-15,118.75,118.81,116.86,117.34,34700991
2-Dec-15,117.34,118.11,116.08,116.28,33198964
3-Dec-15,115.24,116.79,114.22,115.2,41569509
4-Dec-15,115.29,119.25,115.11,119.03,57776977
7-Dec-15,118.32,119.86,117.81,118.28,32084249
8-Dec-15,117.52,118.6,116.86,118.23,34309450
9-Dec-15,115.3,117.69,115.08,115.62,46361357
10-Dec-15,116.04,116.94,115.51,116.17,29212727
11-Dec-15,115.19,115.39,112.85,113.18,46886161
14-Dec-15,112.18,112.68,109.79,112.48,64318732
15-Dec-15,111.94,112.8,110.35,110.49,53323105
16-Dec-15,111.07,111.99,108.8,111.34,56238467
17-Dec-15,112.02,112.25,108.98,108.98,44772827
18-Dec-15,108.91,109.52,105.81,106.03,96453327
21-Dec-15,107.28,107.37,105.57,107.33,47590610
22-Dec-15,107.4,107.72,106.45,107.23,32789367
23-Dec-15,107.27,108.85,107.2,108.61,32657354
24-Dec-15,109.0,109.0,107.95,108.03,13596680
28-Dec-15,107.59,107.69,106.18,106.82,26704210
29-Dec-15,106.96,109.43,106.86,108.74,30931243
30-Dec-15,108.58,108.7,107.18,107.32,25213777
31-Dec-15,107.01,107.03,104.82,105.26,40912316
4-Jan-16,102.61,105.37,102.0,105.35,67281190
5-Jan-16,105.75,105.85,102.41,102.71,55790992
6-Jan-16,100.56,102.37,99.87,100.7,68457388
7-Jan-16,98.68,100.13,96.43,96.45,81094428
8-Jan-16,98.55,99.11,96.76,96.96,70798016
11-Jan-16,98.97,99.06,97.34,98.53,49739377
12-Jan-16,100.55,100.69,98.84,99.96,49154227
13-Jan-16,100.32,101.19,97.3,97.39,61745031
14-Jan-16,97.96,100.48,95.74,99.52,62424154
15-Jan-16,96.2,97.71,95.36,97.13,79010008
19-Jan-16,98.41,98.65,95.5,96.66,52841349
20-Jan-16,95.1,98.19,93.42,96.79,72008265
21-Jan-16,97.06,97.88,94.94,96.3,52054521
22-Jan-16,98.63,101.46,98.37,101.42,65562769
25-Jan-16,101.52,101.53,99.21,99.44,51196375
26-Jan-16,99.93,100.88,98.07,99.99,63538305
27-Jan-16,96.04,96.63,93.34,93.42,132224500
28-Jan-16,93.79,94.52,92.39,94.09,55557109
29-Jan-16,94.79,97.34,94.35,97.34,64010141
1-Feb-16,96.47,96.71,95.4,96.43,40571593
2-Feb-16,95.42,96.04,94.28,94.48,37081206
3-Feb-16,95.0,96.84,94.08,96.35,45366710
4-Feb-16,95.86,97.33,95.19,96.6,46263907
5-Feb-16,96.52,96.92,93.69,94.02,45853883
8-Feb-16,93.13,95.7,93.04,95.01,53852284
9-Feb-16,94.29,95.94,93.93,94.99,44262912
10-Feb-16,95.92,96.35,94.1,94.27,42244975
11-Feb-16,93.79,94.72,92.59,93.7,49686210
12-Feb-16,94.19,94.5,93.01,93.99,40121670
16-Feb-16,95.02,96.85,94.61,96.64,47490678
17-Feb-16,96.67,98.21,96.15,98.12,44390173
18-Feb-16,98.84,98.89,96.09,96.26,38494442
19-Feb-16,96.0,96.76,95.8,96.04,34485576
22-Feb-16,96.31,96.9,95.92,96.88,34048195
23-Feb-16,96.4,96.5,94.55,94.69,31686699
24-Feb-16,93.98,96.38,93.32,96.1,36155642
25-Feb-16,96.05,96.76,95.25,96.76,27393905
26-Feb-16,97.2,98.02,96.58,96.91,28913208
29-Feb-16,96.86,98.23,96.65,96.69,34876558
1-Mar-16,97.65,100.77,97.42,100.53,50153943
2-Mar-16,100.51,100.89,99.64,100.75,33084941
3-Mar-16,100.58,101.71,100.45,101.5,36792245
4-Mar-16,102.37,103.75,101.37,103.01,45936485
7-Mar-16,102.39,102.83,100.96,101.87,35828909
8-Mar-16,100.78,101.76,100.4,101.03,31274161
9-Mar-16,101.31,101.58,100.27,101.12,27130729
10-Mar-16,101.41,102.24,100.15,101.17,33513577
11-Mar-16,102.24,102.28,101.5,102.26,27200833
14-Mar-16,101.91,102.91,101.78,102.52,25027426
15-Mar-16,103.96,105.18,103.85,104.58,40067734
16-Mar-16,104.61,106.31,104.59,105.97,37893758
17-Mar-16,105.52,106.47,104.96,105.8,34244593
18-Mar-16,106.34,106.5,105.19,105.92,43402289
21-Mar-16,105.93,107.65,105.14,105.91,35180796
22-Mar-16,105.25,107.29,105.21,106.72,32232567
23-Mar-16,106.48,107.07,105.9,106.13,25452612
24-Mar-16,105.47,106.25,104.89,105.67,25480914
28-Mar-16,106.0,106.19,105.06,105.19,19303557
29-Mar-16,104.89,107.79,104.88,107.68,30774115
30-Mar-16,108.65,110.42,108.6,109.56,45159861
31-Mar-16,109.72,109.9,108.88,108.99,25685672
1-Apr-16,108.78,110.0,108.2,109.99,25626163
4-Apr-16,110.42,112.19,110.27,111.12,37243224
5-Apr-16,109.51,110.73,109.42,109.81,26495312
6-Apr-16,110.23,110.98,109.2,110.96,26047772
7-Apr-16,109.95,110.42,108.12,108.54,30881022
8-Apr-16,108.91,109.77,108.17,108.66,23514462
11-Apr-16,108.97,110.61,108.83,109.02,28313525
12-Apr-16,109.34,110.5,108.66,110.44,26812000
13-Apr-16,110.8,112.34,110.8,112.04,32691799
14-Apr-16,111.62,112.39,111.33,112.1,25337435
15-Apr-16,112.11,112.3,109.73,109.85,46418482
18-Apr-16,108.89,108.95,106.94,107.48,60834027
19-Apr-16,107.88,108.0,106.23,106.91,32292344
20-Apr-16,106.64,108.09,106.06,107.13,28666865
21-Apr-16,106.93,106.93,105.52,105.97,31356434
22-Apr-16,105.01,106.48,104.62,105.68,33477142
25-Apr-16,105.0,105.65,104.51,105.08,27950966
26-Apr-16,103.91,105.3,103.91,104.35,40338403
27-Apr-16,96.0,98.71,95.68,97.82,113538389
28-Apr-16,97.61,97.88,94.25,94.83,81990674
29-Apr-16,93.99,94.72,92.51,93.74,68334434
2-May-16,93.96,94.08,92.4,93.64,47736879
3-May-16,94.2,95.74,93.68,95.18,56533960
4-May-16,95.2,95.9,93.82,94.19,40824776
5-May-16,94.0,94.07,92.68,93.24,35763138
6-May-16,93.37,93.45,91.85,92.72,43458189
9-May-16,93.0,93.77,92.59,92.79,32855251
10-May-16,93.33,93.57,92.11,93.42,33592465
11-May-16,93.48,93.57,92.46,92.51,28539912
12-May-16,92.72,92.78,89.47,90.34,76109795
13-May-16,90.0,91.67,90.0,90.52,44188153
16-May-16,92.39,94.39,91.65,93.88,61140610
17-May-16,94.55,94.7,93.01,93.49,46507449
18-May-16,94.16,95.21,93.89,94.56,41923114
19-May-16,94.64,94.64,93.57,94.2,29693945
20-May-16,94.64,95.43,94.52,95.22,31804564
23-May-16,95.87,97.19,95.67,96.43,37860535
24-May-16,97.22,98.09,96.84,97.9,35036561
25-May-16,98.67,99.74,98.11,99.62,38168760
26-May-16,99.68,100.73,98.64,100.41,56093437
27-May-16,99.44,100.47,99.24,100.35,36229530
31-May-16,99.6,100.4,98.82,99.86,42307212
1-Jun-16,99.02,99.54,98.33,98.46,29173285
2-Jun-16,97.6,97.84,96.63,97.72,40191600
3-Jun-16,97.79,98.27,97.45,97.92,28504888
6-Jun-16,97.99,101.89,97.55,98.63,23292504
7-Jun-16,99.25,99.87,98.96,99.03,22409450
8-Jun-16,99.02,99.56,98.68,98.94,20848131
9-Jun-16,98.5,99.99,98.46,99.65,26601354
10-Jun-16,98.53,99.35,98.48,98.83,31712936
13-Jun-16,98.69,99.12,97.1,97.34,38020494
14-Jun-16,97.32,98.48,96.75,97.46,31931944
15-Jun-16,97.82,98.41,97.03,97.14,29445227
16-Jun-16,96.45,97.75,96.07,97.55,31326815
17-Jun-16,96.62,96.65,95.3,95.33,61008219
20-Jun-16,96.0,96.57,95.03,95.1,34411901
21-Jun-16,94.94,96.35,94.68,95.91,35546358
22-Jun-16,96.25,96.89,95.35,95.55,29219122
23-Jun-16,95.94,96.29,95.25,96.1,32240187
24-Jun-16,92.91,94.66,92.65,93.4,75311356
27-Jun-16,93.0,93.05,91.5,92.04,46622188
28-Jun-16,92.9,93.66,92.14,93.59,40444914
29-Jun-16,93.97,94.55,93.63,94.4,36531006
30-Jun-16,94.44,95.77,94.3,95.6,35836356
1-Jul-16,95.49,96.46,95.33,95.89,26026540
5-Jul-16,95.39,95.4,94.46,94.99,27705210
6-Jul-16,94.6,95.66,94.37,95.53,30949090
7-Jul-16,95.7,96.5,95.62,95.94,25139558
8-Jul-16,96.49,96.89,96.05,96.68,28912103
11-Jul-16,96.75,97.65,96.73,96.98,23794945
12-Jul-16,97.17,97.7,97.12,97.42,24167463
13-Jul-16,97.41,97.67,96.84,96.87,25892171
14-Jul-16,97.39,98.99,97.32,98.79,38918997
15-Jul-16,98.92,99.3,98.5,98.78,30136990
18-Jul-16,98.7,100.13,98.6,99.83,36493867
19-Jul-16,99.56,100.0,99.34,99.87,23779924
20-Jul-16,100.0,100.46,99.74,99.96,26275968
21-Jul-16,99.83,101.0,99.13,99.43,32702028
22-Jul-16,99.26,99.3,98.31,98.66,28313669
25-Jul-16,98.25,98.84,96.92,97.34,40382921
26-Jul-16,96.82,97.97,96.42,96.67,56239822
27-Jul-16,104.26,104.35,102.75,102.95,92344820
28-Jul-16,102.83,104.45,102.82,104.34,39869839
29-Jul-16,104.19,104.55,103.68,104.21,27733688
1-Aug-16,104.41,106.15,104.41,106.05,38167871
2-Aug-16,106.05,106.07,104.0,104.48,33816556
3-Aug-16,104.81,105.84,104.77,105.79,30202641
4-Aug-16,105.58,106.0,105.28,105.87,27408650
5-Aug-16,106.27,107.65,106.18,107.48,40553402
8-Aug-16,107.52,108.37,107.16,108.37,28037220
9-Aug-16,108.23,108.94,108.01,108.81,26315204
10-Aug-16,108.71,108.9,107.76,108.0,24008505
11-Aug-16,108.52,108.93,107.85,107.93,27484506
12-Aug-16,107.78,108.44,107.78,108.18,18660434
15-Aug-16,108.14,109.54,108.08,109.48,25868209
16-Aug-16,109.63,110.23,109.21,109.38,33794448
17-Aug-16,109.1,109.37,108.34,109.22,25355976
18-Aug-16,109.23,109.6,109.02,109.08,21984703
19-Aug-16,108.77,109.69,108.36,109.36,25368072
22-Aug-16,108.86,109.1,107.85,108.51,25820230
23-Aug-16,108.59,109.32,108.53,108.85,21257669
24-Aug-16,108.56,108.75,107.68,108.03,23675081
25-Aug-16,107.39,107.88,106.68,107.57,25086248
26-Aug-16,107.41,107.95,106.31,106.94,27766291
29-Aug-16,106.62,107.44,106.29,106.82,24970300
30-Aug-16,105.8,106.5,105.5,106.0,24863945
31-Aug-16,105.66,106.57,105.64,106.1,29662406
1-Sep-16,106.14,106.8,105.62,106.73,26701523
2-Sep-16,107.7,108.0,106.82,107.73,26334858
6-Sep-16,107.9,108.3,107.51,107.7,26880391
7-Sep-16,107.83,108.76,107.07,108.36,42364328
8-Sep-16,107.25,107.27,105.24,105.52,53002026
9-Sep-16,104.64,105.72,103.13,103.13,46556984
12-Sep-16,102.65,105.72,102.53,105.44,45292770
13-Sep-16,107.51,108.79,107.24,107.95,62176190
14-Sep-16,108.73,113.03,108.6,111.77,112340318
15-Sep-16,113.86,115.73,113.49,115.57,90613177
16-Sep-16,115.12,116.13,114.04,114.92,79886911
19-Sep-16,115.19,116.18,113.25,113.58,47023046
20-Sep-16,113.05,114.12,112.51,113.57,34514269
21-Sep-16,113.85,113.99,112.44,113.55,36003185
22-Sep-16,114.35,114.94,114.0,114.62,31073984
23-Sep-16,114.42,114.79,111.55,112.71,52481151
26-Sep-16,111.64,113.39,111.55,112.88,29869442
27-Sep-16,113.0,113.18,112.34,113.09,24607412
28-Sep-16,113.69,114.64,113.43,113.95,29641085
29-Sep-16,113.16,113.8,111.8,112.18,35886990
30-Sep-16,112.46,113.37,111.8,113.05,36379106
3-Oct-16,112.71,113.05,112.28,112.52,21701760
4-Oct-16,113.06,114.31,112.63,113.0,29736835
5-Oct-16,113.4,113.66,112.69,113.05,21453089
6-Oct-16,113.7,114.34,113.13,113.89,28779313
7-Oct-16,114.31,114.56,113.51,114.06,24358443
10-Oct-16,115.02,116.75,114.72,116.05,36235956
11-Oct-16,117.7,118.69,116.2,116.3,64041043
12-Oct-16,117.35,117.98,116.75,117.34,37586787
13-Oct-16,116.79,117.44,115.72,116.98,35192406
14-Oct-16,117.88,118.17,117.13,117.63,35652191
17-Oct-16,117.33,117.84,116.78,117.55,23624896
18-Oct-16,118.18,118.21,117.45,117.47,24553478
19-Oct-16,117.25,117.76,113.8,117.12,20034594
20-Oct-16,116.86,117.38,116.33,117.06,24125801
21-Oct-16,116.81,116.91,116.28,116.6,23192665
24-Oct-16,117.1,117.74,117.0,117.65,23538673
25-Oct-16,117.95,118.36,117.31,118.25,48128970
26-Oct-16,114.31,115.7,113.31,115.59,66134219
27-Oct-16,115.39,115.86,114.1,114.48,34562045
28-Oct-16,113.87,115.21,113.45,113.72,37861662
31-Oct-16,113.65,114.23,113.2,113.54,26419398
1-Nov-16,113.46,113.77,110.53,111.49,43825812
2-Nov-16,111.4,112.35,111.23,111.59,28331709
3-Nov-16,110.98,111.46,109.55,109.83,26932602
4-Nov-16,108.53,110.25,108.11,108.84,30836997
7-Nov-16,110.08,110.51,109.46,110.41,32560000
8-Nov-16,110.31,111.72,109.7,111.06,24254179
9-Nov-16,109.88,111.32,108.05,110.88,59176361
10-Nov-16,111.09,111.09,105.83,107.79,57134541
11-Nov-16,107.12,108.87,106.55,108.43,34143898
14-Nov-16,107.71,107.81,104.08,105.71,51175504
15-Nov-16,106.57,107.68,106.16,107.11,32264510
16-Nov-16,106.7,110.23,106.6,109.99,58840522
17-Nov-16,109.81,110.35,108.83,109.95,26964598
18-Nov-16,109.72,110.54,109.66,110.06,28428917
21-Nov-16,110.12,111.99,110.01,111.73,29264571
22-Nov-16,111.95,112.42,111.4,111.8,25965534
23-Nov-16,111.36,111.51,110.33,111.23,27426394
25-Nov-16,111.47,111.87,110.95,111.79,11475922
28-Nov-16,111.43,112.46,111.39,111.57,27193983
29-Nov-16,110.78,112.03,110.07,111.46,28528750
30-Nov-16,111.6,112.2,110.27,110.52,36162258
1-Dec-16,110.36,110.94,109.03,109.49,37086862
2-Dec-16,109.17,110.09,108.85,109.9,26527997
5-Dec-16,110.0,110.03,108.25,109.11,34324540
6-Dec-16,109.5,110.36,109.19,109.95,26195462
7-Dec-16,109.26,111.19,109.16,111.03,29998719
8-Dec-16,110.86,112.43,110.6,112.12,27068316
9-Dec-16,112.31,114.7,112.31,113.95,34402627
12-Dec-16,113.29,115.0,112.49,113.3,26374377
13-Dec-16,113.84,115.92,113.75,115.19,43733811
14-Dec-16,115.04,116.2,114.98,115.19,34031834
15-Dec-16,115.38,116.73,115.23,115.82,46524544
16-Dec-16,116.47,116.5,115.64,115.97,44351134
19-Dec-16,115.8,117.38,115.75,116.64,27779423
20-Dec-16,116.74,117.5,116.68,116.95,21424965
21-Dec-16,116.8,117.4,116.78,117.06,23783165
22-Dec-16,116.35,116.51,115.64,116.29,26085854
23-Dec-16,115.59,116.52,115.59,116.52,14249484
27-Dec-16,116.52,117.8,116.49,117.26,18296855
28-Dec-16,117.52,118.02,116.2,116.76,20905892
29-Dec-16,116.45,117.11,116.4,116.73,15039519
30-Dec-16,116.65,117.2,115.43,115.82,30586265
3-Jan-17,115.8,116.33,114.76,116.15,28781865
4-Jan-17,115.85,116.51,115.75,116.02,21118116
5-Jan-17,115.92,116.86,115.81,116.61,22193587
6-Jan-17,116.78,118.16,116.47,117.91,31751900
9-Jan-17,117.95,119.43,117.94,118.99,33561948
10-Jan-17,118.77,119.38,118.3,119.11,24462051
11-Jan-17,118.74,119.93,118.6,119.75,27588593
12-Jan-17,118.9,119.3,118.21,119.25,27086220
13-Jan-17,119.11,119.62,118.81,119.04,26111948
17-Jan-17,118.34,120.24,118.22,120.0,34439843
18-Jan-17,120.0,120.5,119.71,119.99,23712961
19-Jan-17,119.4,120.09,119.37,119.78,25597291
20-Jan-17,120.45,120.45,119.73,120.0,32597892
23-Jan-17,120.0,120.81,119.77,120.08,22050218
24-Jan-17,119.55,120.1,119.5,119.97,23211038
25-Jan-17,120.42,122.1,120.28,121.88,32586673
26-Jan-17,121.67,122.44,121.6,121.94,26337576
27-Jan-17,122.14,122.35,121.6,121.95,20562944
30-Jan-17,120.93,121.63,120.66,121.63,30377503
31-Jan-17,121.15,121.39,120.62,121.35,49200993
1-Feb-17,127.03,130.49,127.01,128.75,111985040
2-Feb-17,127.98,129.39,127.78,128.53,33710411
3-Feb-17,128.31,129.19,128.16,129.08,24507301
6-Feb-17,129.13,130.5,128.9,130.29,26845924
7-Feb-17,130.54,132.09,130.45,131.53,38183841
8-Feb-17,131.35,132.22,131.22,132.04,23004072
9-Feb-17,131.65,132.44,131.12,132.42,28349859
10-Feb-17,132.46,132.94,132.05,132.12,20065458
13-Feb-17,133.08,133.82,132.75,133.29,23035421
14-Feb-17,133.47,135.09,133.25,135.02,33226223
15-Feb-17,135.52,136.27,134.62,135.51,35623100
16-Feb-17,135.67,135.9,134.84,135.34,22584555
17-Feb-17,135.1,135.83,135.1,135.72,22198197
21-Feb-17,136.23,136.75,135.98,136.7,24507156
22-Feb-17,136.43,137.12,136.11,137.11,20836932
23-Feb-17,137.38,137.48,136.3,136.53,20788186
24-Feb-17,135.91,136.66,135.28,136.66,21776585
27-Feb-17,137.14,137.44,136.28,136.93,20257426
28-Feb-17,137.08,137.44,136.7,136.99,23482860
1-Mar-17,137.89,140.15,137.6,139.79,36414585
2-Mar-17,140.0,140.28,138.76,138.96,26210984
3-Mar-17,138.78,139.83,138.59,139.78,21571121
6-Mar-17,139.36,139.77,138.6,139.34,21750044
7-Mar-17,139.06,139.98,138.79,139.52,17446297
8-Mar-17,138.95,139.8,138.82,139.0,18707236
9-Mar-17,138.74,138.79,137.05,138.68,22155904
10-Mar-17,139.25,139.36,138.64,139.14,19612801
13-Mar-17,138.85,139.43,138.82,139.2,17421717
14-Mar-17,139.3,139.65,138.84,138.99,15309065
15-Mar-17,139.41,140.75,139.02,140.46,25691774
16-Mar-17,140.72,141.02,140.26,140.69,19231998
17-Mar-17,141.0,141.0,139.89,139.99,43884952
20-Mar-17,140.4,141.5,140.23,141.46,21542038
21-Mar-17,142.11,142.8,139.73,139.84,39529912
22-Mar-17,139.84,141.6,139.76,141.42,25860165
23-Mar-17,141.26,141.58,140.61,140.92,20346301
24-Mar-17,141.5,141.74,140.35,140.64,22395563
27-Mar-17,139.39,141.22,138.62,140.88,23575094
28-Mar-17,140.91,144.04,140.62,143.8,33374805
29-Mar-17,143.68,144.49,143.19,144.12,29189955
30-Mar-17,144.19,144.5,143.5,143.93,21207252
31-Mar-17,143.72,144.27,143.01,143.66,19661651
3-Apr-17,143.71,144.12,143.05,143.7,19985714
4-Apr-17,143.25,144.89,143.17,144.77,19891354
5-Apr-17,144.22,145.46,143.81,144.02,27717854
6-Apr-17,144.29,144.52,143.45,143.66,21149034
7-Apr-17,143.73,144.18,143.27,143.34,16672198
10-Apr-17,143.6,143.88,142.9,143.17,18933397
11-Apr-17,142.94,143.35,140.06,141.63,30379376
12-Apr-17,141.6,142.15,141.01,141.8,20350000
13-Apr-17,141.91,142.38,141.05,141.05,17822880
17-Apr-17,141.48,141.88,140.87,141.83,16582094
18-Apr-17,141.41,142.04,141.11,141.2,14697544
19-Apr-17,141.88,142.0,140.45,140.68,17328375
20-Apr-17,141.22,142.92,141.16,142.44,23319562
21-Apr-17,142.44,142.68,141.85,142.27,17320928
24-Apr-17,143.5,143.95,143.18,143.64,17134333
25-Apr-17,143.91,144.9,143.87,144.53,18871501
26-Apr-17,144.47,144.6,143.38,143.68,20041241
27-Apr-17,143.92,144.16,143.31,143.79,14246347
28-Apr-17,144.09,144.3,143.27,143.65,20860358
1-May-17,145.1,147.2,144.96,146.58,33602943
2-May-17,147.54,148.09,146.84,147.51,45352194
3-May-17,145.59,147.49,144.27,147.06,45697034
4-May-17,146.52,147.14,145.81,146.53,23371872
5-May-17,146.76,148.98,146.76,148.96,27327725
8-May-17,149.03,153.7,149.03,153.01,48752413
9-May-17,153.87,154.88,153.45,153.99,39130363
10-May-17,153.63,153.94,152.11,153.26,25805692
11-May-17,152.45,154.07,152.31,153.95,27255058
12-May-17,154.7,156.42,154.67,156.1,32527017
15-May-17,156.01,156.65,155.05,155.7,26009719
16-May-17,155.94,156.06,154.72,155.47,20048478
17-May-17,153.6,154.57,149.71,150.25,50767678
18-May-17,151.27,153.34,151.13,152.54,33568215
19-May-17,153.38,153.98,152.63,153.06,26960788
22-May-17,154.0,154.58,152.91,153.99,22966437
23-May-17,154.9,154.9,153.31,153.8,19918871
24-May-17,153.84,154.17,152.67,153.34,19219154
25-May-17,153.73,154.35,153.03,153.87,19235598
26-May-17,154.0,154.24,153.31,153.61,21927637
30-May-17,153.42,154.43,153.33,153.67,20126851
31-May-17,153.97,154.17,152.38,152.76,24451164
1-Jun-17,153.17,153.33,152.22,153.18,16404088
2-Jun-17,153.58,155.45,152.89,155.45,27770715
5-Jun-17,154.34,154.45,153.46,153.93,25331662
6-Jun-17,153.9,155.81,153.78,154.45,26624926
7-Jun-17,155.02,155.98,154.48,155.37,21069647
8-Jun-17,155.25,155.54,154.4,154.99,21250798
9-Jun-17,155.19,155.19,146.02,148.98,64882657
12-Jun-17,145.74,146.09,142.51,145.42,72307330
13-Jun-17,147.16,147.45,145.15,146.59,34165445
14-Jun-17,147.5,147.5,143.84,145.16,31531232
15-Jun-17,143.32,144.48,142.21,144.29,32165373
16-Jun-17,143.78,144.5,142.2,142.27,50361093
19-Jun-17,143.66,146.74,143.66,146.34,32541404
20-Jun-17,146.87,146.87,144.94,145.01,24900073
21-Jun-17,145.52,146.07,144.61,145.87,21265751
22-Jun-17,145.77,146.7,145.12,145.63,19106294
23-Jun-17,145.13,147.16,145.11,146.28,35439389
26-Jun-17,147.17,148.28,145.38,145.82,25692361
27-Jun-17,145.01,146.16,143.62,143.73,24761891
28-Jun-17,144.49,146.11,143.16,145.83,22082432
29-Jun-17,144.71,145.13,142.28,143.68,31499368
30-Jun-17,144.45,144.96,143.78,144.02,23024107
3-Jul-17,144.88,145.3,143.1,143.5,14277848
5-Jul-17,143.69,144.79,142.72,144.09,21569557
6-Jul-17,143.02,143.5,142.41,142.73,24128782
7-Jul-17,142.9,144.75,142.9,144.18,19201712
10-Jul-17,144.11,145.95,143.37,145.06,21090636
11-Jul-17,144.73,145.85,144.38,145.53,19781836
12-Jul-17,145.87,146.18,144.82,145.74,24884478
13-Jul-17,145.5,148.49,145.44,147.77,25199373
14-Jul-17,147.97,149.33,147.33,149.04,20132061
17-Jul-17,148.82,150.9,148.57,149.56,23793456
18-Jul-17,149.2,150.13,148.67,150.08,17868792
19-Jul-17,150.48,151.42,149.95,151.02,20922969
20-Jul-17,151.5,151.74,150.19,150.34,17243748
21-Jul-17,149.99,150.44,148.88,150.27,26252630
24-Jul-17,150.58,152.44,149.9,152.09,21493160
25-Jul-17,151.8,153.84,151.8,152.74,18853932
26-Jul-17,153.35,153.93,153.06,153.46,15780951
27-Jul-17,153.75,153.99,147.3,150.56,32476337
28-Jul-17,149.89,150.23,149.19,149.5,17213653
31-Jul-17,149.9,150.33,148.13,148.73,19845920
1-Aug-17,149.1,150.22,148.41,150.05,35368645
2-Aug-17,159.28,159.75,156.16,157.14,69936800
3-Aug-17,157.05,157.21,155.02,155.57,27097296
4-Aug-17,156.07,157.4,155.69,156.39,20559852
7-Aug-17,157.06,158.92,156.67,158.81,21870321
8-Aug-17,158.6,161.83,158.27,160.08,36205896
9-Aug-17,159.26,161.27,159.11,161.06,26131530
10-Aug-17,159.9,160.0,154.63,155.32,40804273
11-Aug-17,156.6,158.57,156.07,157.48,26257096
